dish identifier,Nikon folder name,sample 1,sample 2 ,sample 3,sample 4,sample 5,sample 6,sample 7,sample 8,sample 9,sample 10,sample 11,sample 12,sample 13,sample 14,sample 15,sample 16,sample 17,sample 18,sample 19,sample 20,sample 21,sample 22,sample 23,sample 24,sample 25,sample 26,sample 27,sample 28,sample 29,sample 30,sample 31,sample 32,sample 33,sample 34,sample 35,sample 36,sample 37,sample 38,sample 39,sample 40,sample 41,sample 42,sample 43,sample 44,sample 45,sample 46,sample 47,sample 48,sample 49,sample 50,sample 51,sample 52,sample 53,sample 54,sample 55,sample 56,sample 57,sample 58,sample 59,sample 60,sample 61,sample 62,sample 63,sample 64,sample 65,sample 66,sample 67,sample 68,sample 69,sample 70,sample 71,sample 72,sample 73,sample 74,sample 75,sample 76,sample 77,sample 78,sample 79,sample 80,sample 81,sample 82,sample 83,sample 84,sample 85,sample 86,sample 87,sample 88,sample 89,sample 90,sample 91,sample 92,sample 93,sample 94,sample 95,sample 96
210208-B,20210209_133445_894,20210209_133445_894/Well01@210209FLa_978a_5dpf_AJ-110-DR_1024_Nh_merge.nd2,20210209_133445_894/Well02@210209FLa_978b_5dpf_AJ-110-DR_1024_Nh_merge.nd2,20210209_133445_894/Well03@210209FLa_978c_5dpf_AJ-110-DR_1024_Nh_merge.nd2,20210209_133445_894/Well04@210209FLa_978d_5dpf_AJ-110-DR_1024_Nh_merge.nd2,20210209_133445_894/Well05@210209FLa_978e_5dpf_AJ-110-DR_1024_Nh_merge.nd2,20210209_133445_894/Well06@210209FLa_978f_5dpf_AJ-110-DR_1024_Nh_merge.nd2,20210209_133445_894/Well07@210209FLa_978g_5dpf_AJ-110-DR_1024_Nh_merge.nd2,20210209_133445_894/Well08@210209FLa_978h_5dpf_AJ-110-DR_1024_Nh_merge.nd2,20210209_133445_894/Well09@210209FLa_978i_5dpf_AJ-110-DR_1024_Nh_merge.nd2,20210209_133445_894/Well10@210209FLa_978j_5dpf_AJ-110-DR_1024_Nh_merge.nd2,20210209_133445_894/Well11@210209FLa_978k_5dpf_AJ-110-DR_1024_Nh_merge.nd2,20210209_133445_894/Well12@210209FLa_978l_5dpf_AJ-110-DR_1024_Nh_merge.nd2,,,,,,,,,,,,,,,,,,,,,,,,,,,,,,,,,,,,,,,,,,,,,,,,,,,,,,,,,,,,,,,,,,,,,,,,,,,,,,,,,,,,
210208-C,20210211_160719_248,20210211_160719_248/Well01@210211FLa_981a_7dpf_AJ-111-DR_1024_Nh_merge.nd2,20210211_160719_248/Well02@210211FLa_981b_7dpf_AJ-111-DR_1024_Nh_merge.nd2,20210211_160719_248/Well03@210211FLa_981c_7dpf_AJ-111-DR_1024_Nh_merge.nd2,20210211_160719_248/Well04@210211FLa_981d_7dpf_AJ-111-DR_1024_Nh_merge.nd2,20210211_160719_248/Well05@210211FLa_981e_7dpf_AJ-111-DR_1024_Nh_merge.nd2,20210211_160719_248/Well06@210211FLa_981f_7dpf_AJ-111-DR_1024_Nh_merge.nd2,20210211_160719_248/Well07@210211FLa_981g_7dpf_AJ-111-DR_1024_Nh_merge.nd2,20210211_160719_248/Well08@210211FLa_981h_7dpf_AJ-111-DR_1024_Nh_merge.nd2,20210211_160719_248/Well09@210211FLa_981i_7dpf_AJ-111-DR_1024_Nh_merge.nd2,20210211_160719_248/Well10@210211FLa_981j_7dpf_AJ-111-DR_1024_Nh_merge.nd2,,,,,,,,,,,,,,,,,,,,,,,,,,,,,,,,,,,,,,,,,,,,,,,,,,,,,,,,,,,,,,,,,,,,,,,,,,,,,,,,,,,,,,
210125-A,20210204_154109_828,20210204_154109_828/Well01@210204FLa__div_AJ-141-DR_1024_Nh_merge.nd2,20210204_154109_828/Well02@210204FLa__div_AJ-141-DR_1024_Nh_merge.nd2,20210204_154109_828/Well03@210204FLa__div_AJ-141-DR_1024_Nh_merge.nd2,20210204_154109_828/Well04@210204FLa__div_AJ-141-DR_1024_Nh_merge.nd2,20210204_154109_828/Well05@210204FLa__div_AJ-141-DR_1024_Nh_merge.nd2,20210204_154109_828/Well06@210204FLa__div_AJ-141-DR_1024_Nh_merge.nd2,20210204_154109_828/Well07@210204FLa__div_AJ-141-DR_1024_Nh_merge.nd2,20210204_154109_828/Well08@210204FLa__div_AJ-141-DR_1024_Nh_merge.nd2,20210204_154109_828/Well09@210204FLa__div_AJ-141-DR_1024_Nh_merge.nd2,20210204_154109_828/Well10@210204FLa__div_AJ-141-DR_1024_Nh_merge.nd2,20210204_154109_828/Well11@210204FLa__div_AJ-141-DR_1024_Nh_merge.nd2,20210204_154109_828/Well12@210204FLa__div_AJ-141-DR_1024_Nh_merge.nd2,20210204_154109_828/Well13@210204FLa__div_AJ-141-DR_1024_Nh_merge.nd2,20210204_154109_828/Well14@210204FLa__div_AJ-141-DR_1024_Nh_merge.nd2,20210204_154109_828/Well15@210204FLa__div_AJ-141-DR_1024_Nh_merge.nd2,20210204_154109_828/Well16@210204FLa__div_AJ-141-DR_1024_Nh_merge.nd2,20210204_154109_828/Well17@210204FLa__div_AJ-141-DR_1024_Nh_merge.nd2,20210204_154109_828/Well18@210204FLa__div_AJ-141-DR_1024_Nh_merge.nd2,20210204_154109_828/Well19@210204FLa__div_AJ-141-DR_1024_Nh_merge.nd2,20210204_154109_828/Well20@210204FLa__div_AJ-141-DR_1024_Nh_merge.nd2,20210204_154109_828/Well21@210204FLa__div_AJ-141-DR_1024_Nh_merge.nd2,20210204_154109_828/Well22@210204FLa__div_AJ-141-DR_1024_Nh_merge.nd2,20210204_154109_828/Well23@210204FLa__div_AJ-141-DR_1024_Nh_merge.nd2,20210204_154109_828/Well24@210204FLa__div_AJ-141-DR_1024_Nh_merge.nd2,20210204_154109_828/Well25@210204FLa__div_AJ-141-DR_1024_Nh_merge.nd2,20210204_154109_828/Well26@210204FLa__div_AJ-141-DR_1024_Nh_merge.nd2,20210204_154109_828/Well27@210204FLa__div_AJ-141-DR_1024_Nh_merge.nd2,20210204_154109_828/Well28@210204FLa__div_AJ-141-DR_1024_Nh_merge.nd2,20210204_154109_828/Well29@210204FLa__div_AJ-141-DR_1024_Nh_merge.nd2,20210204_154109_828/Well30@210204FLa__div_AJ-141-DR_1024_Nh_merge.nd2,20210204_154109_828/Well31@210204FLa__div_AJ-141-DR_1024_Nh_merge.nd2,20210204_154109_828/Well32@210204FLa__div_AJ-141-DR_1024_Nh_merge.nd2,20210204_154109_828/Well33@210204FLa__div_AJ-141-DR_1024_Nh_merge.nd2,20210204_154109_828/Well34@210204FLa__div_AJ-141-DR_1024_Nh_merge.nd2,20210204_154109_828/Well35@210204FLa__div_AJ-141-DR_1024_Nh_merge.nd2,20210204_154109_828/Well36@210204FLa__div_AJ-141-DR_1024_Nh_merge.nd2,20210204_154109_828/Well37@210204FLa__div_AJ-141-DR_1024_Nh_merge.nd2,20210204_154109_828/Well38@210204FLa__div_AJ-141-DR_1024_Nh_merge.nd2,20210204_154109_828/Well39@210204FLa__div_AJ-141-DR_1024_Nh_merge.nd2,20210204_154109_828/Well40@210204FLa__div_AJ-141-DR_1024_Nh_merge.nd2,20210204_154109_828/Well41@210204FLa__div_AJ-141-DR_1024_Nh_merge.nd2,20210204_154109_828/Well42@210204FLa__div_AJ-141-DR_1024_Nh_merge.nd2,20210204_154109_828/Well43@210204FLa__div_AJ-141-DR_1024_Nh_merge.nd2,20210204_154109_828/Well44@210204FLa__div_AJ-141-DR_1024_Nh_merge.nd2,20210204_154109_828/Well45@210204FLa__div_AJ-141-DR_1024_Nh_merge.nd2,20210204_154109_828/Well46@210204FLa__div_AJ-141-DR_1024_Nh_merge.nd2,20210204_154109_828/Well47@210204FLa__div_AJ-141-DR_1024_Nh_merge.nd2,20210204_154109_828/Well48@210204FLa__div_AJ-141-DR_1024_Nh_merge.nd2,,,,,,,,,,,,,,,,,,,,,,,,,,,,,,,,,,,,,,,,,,,,,,,,
201123-A,20201126_152902_379,20201126_152902_379/Well01@201126FLa_702a_1m_ZA-6-DR_512_Nh_merge.nd2,20201126_152902_379/Well02@201126FLa_702b_1m_ZA-6-DR_512_Nh_merge.nd2,20201126_152902_379/Well03@201126FLa_702c_1m_ZA-6-DR_512_Nh_merge.nd2,20201126_152902_379/Well04@201126FLa_702d_1m_ZA-6-DR_512_Nh_merge.nd2,,20201126_152902_379/Well06@201126FLa_802a_6w_AJ-113-DR_512_Nh_merge.nd2,20201126_152902_379/Well07@201126FLa_802b_6w_AJ-113-DR_512_Nh_merge.nd2,20201126_152902_379/Well08@201126FLa_802c_6w_AJ-113-DR_512_Nh_merge.nd2,,,,,,,,,,,,,,,,,,,,,,,,,,,,,,,,,,,,,,,,,,,,,,,,,,,,,,,,,,,,,,,,,,,,,,,,,,,,,,,,,,,,,,,,
201123-A,20201127_103747_418,20201127_103747_418/Well01@201127FLb_702a_1m_ZA-6-DR_512_Nh_merge.nd2,20201127_103747_418/Well02@201127FLb_702b_1m_ZA-6-DR_512_Nh_merge.nd2,20201127_103747_418/Well03@201127FLb_702c_1m_ZA-6-DR_512_Nh_merge.nd2,20201127_103747_418/Well04@201127FLb_702d_1m_ZA-6-DR_512_Nh_merge.nd2,,20201127_103747_418/Well06@201127FLb_802a_6w_AJ-113-DR_512_Nh_merge.nd2,20201127_103747_418/Well07@201127FLb_802b_6w_AJ-113-DR_512_Nh_merge.nd2,20201127_103747_418/Well08@201127FLb_802c_6w_AJ-113-DR_512_Nh_merge.nd2,,,,,,,,,,,,,,,,,,,,,,,,,,,,,,,,,,,,,,,,,,,,,,,,,,,,,,,,,,,,,,,,,,,,,,,,,,,,,,,,,,,,,,,,
210222-B,20210302_102002_381,20210302_102002_381/Well01@210302FLa_982a_6dpf_AJ-112-DR_1024_Nh_merge.nd2,20210302_102002_381/Well02@210302FLa_982b_6dpf_AJ-112-DR_1024_Nh_merge.nd2,20210302_102002_381/Well03@210302FLa_982c_6dpf_AJ-112-DR_1024_Nh_merge.nd2,20210302_102002_381/Well04@210302FLa_982d_6dpf_AJ-112-DR_1024_Nh_merge.nd2,20210302_102002_381/Well05@210302FLa_982e_6dpf_AJ-112-DR_1024_Nh_merge.nd2,20210302_102002_381/Well06@210302FLa_982f_6dpf_AJ-112-DR_1024_Nh_merge.nd2,20210302_102002_381/Well07@210302FLa_982g_6dpf_AJ-112-DR_1024_Nh_merge.nd2,20210302_102002_381/Well08@210302FLa_982h_6dpf_AJ-112-DR_1024_Nh_merge.nd2,20210302_102002_381/Well09@210302FLa_982i_6dpf_AJ-112-DR_1024_Nh_merge.nd2,20210302_102002_381/Well10@210302FLa_982j_6dpf_AJ-112-DR_1024_Nh_merge.nd2,20210302_102002_381/Well11@210302FLa_982k_6dpf_AJ-112-DR_1024_Nh_merge.nd2,20210302_102002_381/Well12@210302FLa_982l_6dpf_AJ-112-DR_1024_Nh_merge.nd2,,,,,,,,,,,,,,,,,,,,,,,,,,,,,,,,,,,,,,,,,,,,,,,,,,,,,,,,,,,,,,,,,,,,,,,,,,,,,,,,,,,,
210217-B,20210303_114506_908,20210303_114506_908/Well01@210303FLa_2531a_div_JPC-219-DR_512_Nh_merge.nd2,20210303_114506_908/Well02@210303FLa_2531b_div_JPC-219-DR_512_Nh_merge.nd2,20210303_114506_908/Well03@210303FLa_2531c_div_JPC-219-DR_512_Nh_merge.nd2,20210303_114506_908/Well04@210303FLa_2531d_div_JPC-219-DR_512_Nh_merge.nd2,20210303_114506_908/Well05@210303FLa_2531e_div_JPC-219-DR_512_Nh_merge.nd2,20210303_114506_908/Well06@210303FLa_2531f_div_JPC-219-DR_512_Nh_merge.nd2,20210303_114506_908/Well07@210303FLa_2531g_div_JPC-219-DR_512_Nh_merge.nd2,20210303_114506_908/Well08@210303FLa_2531h_div_JPC-219-DR_512_Nh_merge.nd2,20210303_114506_908/Well09@210303FLa_2531i_div_JPC-219-DR_512_Nh_merge.nd2,20210303_114506_908/Well10@210303FLa_2531j_div_JPC-219-DR_512_Nh_merge.nd2,20210303_114506_908/Well11@210303FLa_2531k_div_JPC-219-DR_512_Nh_merge.nd2,20210303_114506_908/Well12@210303FLa_2531l_div_JPC-219-DR_512_Nh_merge.nd2,20210303_114506_908/Well13@210303FLa_2531m_div_JPC-219-DR_512_Nh_merge.nd2,20210303_114506_908/Well14@210303FLa_2531n_div_JPC-219-DR_512_Nh_merge.nd2,20210303_114506_908/Well15@210303FLa_2531o_div_JPC-219-DR_512_Nh_merge.nd2,20210303_114506_908/Well16@210303FLa_2531p_div_JPC-219-DR_512_Nh_merge.nd2,20210303_114506_908/Well17@210303FLa_2531q_div_JPC-219-DR_512_Nh_merge.nd2,20210303_114506_908/Well18@210303FLa_2531r_div_JPC-219-DR_512_Nh_merge.nd2,20210303_114506_908/Well19@210303FLa_2385a_div_JPC-219-DR_512_Nh_merge.nd2,20210303_114506_908/Well20@210303FLa_2385b_div_JPC-219-DR_512_Nh_merge.nd2,20210303_114506_908/Well21@210303FLa_2385c_div_JPC-219-DR_512_Nh_merge.nd2,20210303_114506_908/Well22@210303FLa_2385d_div_JPC-219-DR_512_Nh_merge.nd2,20210303_114506_908/Well23@210303FLa_2385e_div_JPC-219-DR_512_Nh_merge.nd2,,,,,,,,,,,,,,,,,,,,,,,,,,,,,,,,,,,,,,,,,,,,,,,,,,,,,,,,,,,,,,,,,,,,,,,,,
210217-B,20210304_095223_641,20210304_095223_641/Well01@210304FLa_2531a_div_JPC-219-DR_256_Nh_merge.nd2,20210304_095223_641/Well02@210304FLa_2531b_div_JPC-219-DR_256_Nh_merge.nd2,20210304_095223_641/Well03@210304FLa_2531c_div_JPC-219-DR_256_Nh_merge.nd2,20210304_095223_641/Well04@210304FLa_2531d_div_JPC-219-DR_256_Nh_merge.nd2,20210304_095223_641/Well05@210304FLa_2531e_div_JPC-219-DR_256_Nh_merge.nd2,20210304_095223_641/Well06@210304FLa_2531f_div_JPC-219-DR_256_Nh_merge.nd2,20210304_095223_641/Well07@210304FLa_2531g_div_JPC-219-DR_256_Nh_merge.nd2,20210304_095223_641/Well08@210304FLa_2531h_div_JPC-219-DR_256_Nh_merge.nd2,20210304_095223_641/Well09@210304FLa_2531i_div_JPC-219-DR_256_Nh_merge.nd2,20210304_095223_641/Well10@210304FLa_2531j_div_JPC-219-DR_256_Nh_merge.nd2,20210304_095223_641/Well11@210304FLa_2531k_div_JPC-219-DR_256_Nh_merge.nd2,20210304_095223_641/Well12@210304FLa_2531l_div_JPC-219-DR_256_Nh_merge.nd2,20210304_095223_641/Well13@210304FLa_2531m_div_JPC-219-DR_256_Nh_merge.nd2,20210304_095223_641/Well14@210304FLa_2531n_div_JPC-219-DR_256_Nh_merge.nd2,20210304_095223_641/Well15@210304FLa_2531o_div_JPC-219-DR_256_Nh_merge.nd2,20210304_095223_641/Well16@210304FLa_2531p_div_JPC-219-DR_256_Nh_merge.nd2,20210304_095223_641/Well17@210304FLa_2531q_div_JPC-219-DR_256_Nh_merge.nd2,20210304_095223_641/Well18@210304FLa_2531r_div_JPC-219-DR_256_Nh_merge.nd2,20210304_095223_641/Well19@210304FLa_2385a_div_JPC-219-DR_256_Nh_merge.nd2,20210304_095223_641/Well20@210304FLa_2385b_div_JPC-219-DR_256_Nh_merge.nd2,20210304_095223_641/Well21@210304FLa_2385c_div_JPC-219-DR_256_Nh_merge.nd2,20210304_095223_641/Well22@210304FLa_2385d_div_JPC-219-DR_256_Nh_merge.nd2,20210304_095223_641/Well23@210304FLa_2385e_div_JPC-219-DR_256_Nh_merge.nd2,,,,,,,,,,,,,,,,,,,,,,,,,,,,,,,,,,,,,,,,,,,,,,,,,,,,,,,,,,,,,,,,,,,,,,,,,
210217-B,20210304_153801_414,20210304_153801_414/Well01@210304FLb_2531a_div_JPC-219-DR_512_Nh_merge.nd2,20210304_153801_414/Well02@210304FLb_2531b_div_JPC-219-DR_512_Nh_merge.nd2,20210304_153801_414/Well03@210304FLb_2531c_div_JPC-219-DR_512_Nh_merge.nd2,20210304_153801_414/Well04@210304FLb_2531d_div_JPC-219-DR_512_Nh_merge.nd2,20210304_153801_414/Well05@210304FLb_2531e_div_JPC-219-DR_512_Nh_merge.nd2,20210304_153801_414/Well06@210304FLb_2531f_div_JPC-219-DR_512_Nh_merge.nd2,20210304_153801_414/Well07@210304FLb_2531g_div_JPC-219-DR_512_Nh_merge.nd2,20210304_153801_414/Well08@210304FLb_2531h_div_JPC-219-DR_512_Nh_merge.nd2,20210304_153801_414/Well09@210304FLb_2531i_div_JPC-219-DR_512_Nh_merge.nd2,20210304_153801_414/Well10@210304FLb_2531j_div_JPC-219-DR_512_Nh_merge.nd2,20210304_153801_414/Well11@210304FLb_2531k_div_JPC-219-DR_512_Nh_merge.nd2,20210304_153801_414/Well12@210304FLb_2531l_div_JPC-219-DR_512_Nh_merge.nd2,20210304_153801_414/Well13@210304FLb_2531m_div_JPC-219-DR_512_Nh_merge.nd2,20210304_153801_414/Well14@210304FLb_2531n_div_JPC-219-DR_512_Nh_merge.nd2,20210304_153801_414/Well15@210304FLb_2531o_div_JPC-219-DR_512_Nh_merge.nd2,20210304_153801_414/Well16@210304FLb_2531p_div_JPC-219-DR_512_Nh_merge.nd2,20210304_153801_414/Well17@210304FLb_2531q_div_JPC-219-DR_512_Nh_merge.nd2,20210304_153801_414/Well18@210304FLb_2531r_div_JPC-219-DR_512_Nh_merge.nd2,20210304_153801_414/Well19@210304FLb_2385a_div_JPC-219-DR_512_Nh_merge.nd2,20210304_153801_414/Well20@210304FLb_2385b_div_JPC-219-DR_512_Nh_merge.nd2,20210304_153801_414/Well21@210304FLb_2385c_div_JPC-219-DR_512_Nh_merge.nd2,20210304_153801_414/Well22@210304FLb_2385d_div_JPC-219-DR_512_Nh_merge.nd2,20210304_153801_414/Well23@210304FLb_2385e_div_JPC-219-DR_512_Nh_merge.nd2,,,,,,,,,,,,,,,,,,,,,,,,,,,,,,,,,,,,,,,,,,,,,,,,,,,,,,,,,,,,,,,,,,,,,,,,,
210315-A,20210316_134430_980,20210316_134430_980/Well11@210316MSa_983m_6dpf_AJ-112-DR_128_Nh_merge.nd2,20210316_134430_980/Well11@210316MSa_983n_6dpf_AJ-112-DR_128_Nh_merge.nd2,20210316_134430_980/Well11@210316MSa_983o_6dpf_AJ-112-DR_128_Nh_merge.nd2,20210316_134430_980/Well11@210316MSa_983p_6dpf_AJ-112-DR_128_Nh_merge.nd2,20210316_134430_980/Well11@210316MSa_983q_6dpf_AJ-112-DR_128_Nh_merge.nd2,20210316_134430_980/Well11@210316MSa_983r_6dpf_AJ-112-DR_128_Nh_merge.nd2,20210316_134430_980/Well11@210316MSa_983s_6dpf_AJ-112-DR_128_Nh_merge.nd2,20210316_134430_980/Well11@210316MSa_983t_6dpf_AJ-112-DR_128_Nh_merge.nd2,20210316_134430_980/Well11@210316MSa_983u_6dpf_AJ-112-DR_128_Nh_merge.nd2,20210316_134430_980/Well11@210316MSa_983v_6dpf_AJ-112-DR_128_Nh_merge.nd2,20210316_134430_980/Well11@210316MSa_983w_6dpf_AJ-112-DR_128_Nh_merge.nd2,,,,,,,,,,,,,,,,,,,,,,,,,,,,,,,,,,,,,,,,,,,,,,,,,,,,,,,,,,,,,,,,,,,,,,,,,,,,,,,,,,,,,
210319-A,20210323_095051_076,20210323_095051_076/Well01@210323FLa_1004a_6dpf_AJ-112-DR_1024_Nh_merge.nd2,20210323_095051_076/Well02@210323FLa_1004b_6dpf_AJ-112-DR_1024_Nh_merge.nd2,20210323_095051_076/Well03@210323FLa_1004c_6dpf_AJ-112-DR_1024_Nh_merge.nd2,20210323_095051_076/Well04@210323FLa_1004d_6dpf_AJ-112-DR_1024_Nh_merge.nd2,20210323_095051_076/Well05@210323FLa_1004e_6dpf_AJ-112-DR_1024_Nh_merge.nd2,20210323_095051_076/Well06@210323FLa_1004f_6dpf_AJ-112-DR_1024_Nh_merge.nd2,20210323_095051_076/Well07@210323FLa_1004g_6dpf_AJ-112-DR_1024_Nh_merge.nd2,20210323_095051_076/Well08@210323FLa_1004h_6dpf_AJ-112-DR_1024_Nh_merge.nd2,20210323_095051_076/Well09@210323FLa_1004i_6dpf_AJ-112-DR_1024_Nh_merge.nd2,20210323_095051_076/Well10@210323FLa_1004j_6dpf_AJ-112-DR_1024_Nh_merge.nd2,20210323_095051_076/Well11@210323FLa_1004k_6dpf_AJ-112-DR_1024_Nh_merge.nd2,20210323_095051_076/Well12@210323FLa_1004l_6dpf_AJ-112-DR_1024_Nh_merge.nd2,,,,,,,,,,,,,,,,,,,,,,,,,,,,,,,,,,,,,,,,,,,,,,,,,,,,,,,,,,,,,,,,,,,,,,,,,,,,,,,,,,,,
210324-A,20210325_163811_268,20210325_163811_268/Well01@210325FLa_1055a_6dpf_AJ-112-DR_1024_Nh_merge.nd2,20210325_163811_268/Well02@210325FLa_1055b_6dpf_AJ-112-DR_1024_Nh_merge.nd2,20210325_163811_268/Well03@210325FLa_1055c_6dpf_AJ-112-DR_1024_Nh_merge.nd2,20210325_163811_268/Well04@210325FLa_1055d_6dpf_AJ-112-DR_1024_Nh_merge.nd2,20210325_163811_268/Well05@210325FLa_1055e_6dpf_AJ-112-DR_1024_Nh_merge.nd2,20210325_163811_268/Well06@210325FLa_1055f_6dpf_AJ-112-DR_1024_Nh_merge.nd2,20210325_163811_268/Well07@210325FLa_1055g_6dpf_AJ-112-DR_1024_Nh_merge.nd2,20210325_163811_268/Well08@210325FLa_1055h_6dpf_AJ-112-DR_1024_Nh_merge.nd2,20210325_163811_268/Well09@210325FLa_1055i_6dpf_AJ-112-DR_1024_Nh_merge.nd2,20210325_163811_268/Well10@210325FLa_1055j_6dpf_AJ-112-DR_1024_Nh_merge.nd2,20210325_163811_268/Well11@210325FLa_1055k_6dpf_AJ-112-DR_1024_Nh_merge.nd2,20210325_163811_268/Well12@210325FLa_1055l_6dpf_AJ-112-DR_1024_Nh_merge.nd2,,,,,,,,,,,,,,,,,,,,,,,,,,,,,,,,,,,,,,,,,,,,,,,,,,,,,,,,,,,,,,,,,,,,,,,,,,,,,,,,,,,,
210324-B,20210329_113451_368,20210329_113451_368/Well01@210329FLa_1056a_5dpf_AJ-110-DR_1024_Nh_merge.nd2,20210329_113451_368/Well02@210329FLa_1056b_5dpf_AJ-110-DR_1024_Nh_merge.nd2,20210329_113451_368/Well03@210329FLa_1056c_5dpf_AJ-110-DR_1024_Nh_merge.nd2,20210329_113451_368/Well04@210329FLa_1056d_5dpf_AJ-110-DR_1024_Nh_merge.nd2,20210329_113451_368/Well05@210329FLa_1056e_5dpf_AJ-110-DR_1024_Nh_merge.nd2,20210329_113451_368/Well06@210329FLa_1056f_5dpf_AJ-110-DR_1024_Nh_merge.nd2,20210329_113451_368/Well07@210329FLa_1056g_5dpf_AJ-110-DR_1024_Nh_merge.nd2,20210329_113451_368/Well08@210329FLa_1056h_5dpf_AJ-110-DR_1024_Nh_merge.nd2,,,,,,,,,,,,,,,,,,,,,,,,,,,,,,,,,,,,,,,,,,,,,,,,,,,,,,,,,,,,,,,,,,,,,,,,,,,,,,,,,,,,,,,,
210329-A,20210330_150523_683,20210330_150523_683/Well01@210330FLa_1081a_6dpf_AJ-112-DR_1024_Nh_merge.nd2,20210330_150523_683/Well02@210330FLa_1081b_6dpf_AJ-112-DR_1024_Nh_merge.nd2,20210330_150523_683/Well03@210330FLa_1081c_6dpf_AJ-112-DR_1024_Nh_merge.nd2,20210330_150523_683/Well04@210330FLa_1081d_6dpf_AJ-112-DR_1024_Nh_merge.nd2,20210330_150523_683/Well05@210330FLa_1081e_6dpf_AJ-112-DR_1024_Nh_merge.nd2,20210330_150523_683/Well06@210330FLa_1081f_6dpf_AJ-112-DR_1024_Nh_merge.nd2,20210330_150523_683/Well07@210330FLa_1081g_6dpf_AJ-112-DR_1024_Nh_merge.nd2,20210330_150523_683/Well08@210330FLa_1081h_6dpf_AJ-112-DR_1024_Nh_merge.nd2,20210330_150523_683/Well09@210330FLa_1081i_6dpf_AJ-112-DR_1024_Nh_merge.nd2,20210330_150523_683/Well10@210330FLa_1081j_6dpf_AJ-112-DR_1024_Nh_merge.nd2,20210330_150523_683/Well11@210330FLa_1081k_6dpf_AJ-112-DR_1024_Nh_merge.nd2,20210330_150523_683/Well12@210330FLa_1081l_6dpf_AJ-112-DR_1024_Nh_merge.nd2,,,,,,,,,,,,,,,,,,,,,,,,,,,,,,,,,,,,,,,,,,,,,,,,,,,,,,,,,,,,,,,,,,,,,,,,,,,,,,,,,,,,
210329-B,20210401_160531_922,20210401_160531_922/Well01@210401FLa_1083m_6dpf_AJ-112-DR_1024_Nh_merge.nd2,20210401_160531_922/Well02@210401FLa_1083n_6dpf_AJ-112-DR_1024_Nh_merge.nd2,20210401_160531_922/Well03@210401FLa_1083o_6dpf_AJ-112-DR_1024_Nh_merge.nd2,,20210401_160531_922/Well05@210401FLa_1095y_6dpf_AJ-112-DR_1024_Nh_merge.nd2,20210401_160531_922/Well06@210401FLa_1095z_6dpf_AJ-112-DR_1024_Nh_merge.nd2,20210401_160531_922/Well07@210401FLa_1095a{_6dpf_AJ-112-DR_1024_Nh_merge.nd2,20210401_160531_922/Well08@210401FLa_1095ab_6dpf_AJ-112-DR_1024_Nh_merge.nd2,20210401_160531_922/Well09@210401FLa_1095ac_6dpf_AJ-112-DR_1024_Nh_merge.nd2,,,,,,,,,,,,,,,,,,,,,,,,,,,,,,,,,,,,,,,,,,,,,,,,,,,,,,,,,,,,,,,,,,,,,,,,,,,,,,,,,,,,,,,
210329-B,20210402_105241_985,20210402_105241_985/Well01@210402FLa_1083m_6dpf_AJ-112-DR_1024_Nh_merge.nd2,20210402_105241_985/Well02@210402FLa_1083n_6dpf_AJ-112-DR_1024_Nh_merge.nd2,20210402_105241_985/Well03@210402FLa_1083o_6dpf_AJ-112-DR_1024_Nh_merge.nd2,,20210402_105241_985/Well05@210402FLa_1095y_6dpf_AJ-112-DR_1024_Nh_merge.nd2,20210402_105241_985/Well06@210402FLa_1095z_6dpf_AJ-112-DR_1024_Nh_merge.nd2,20210402_105241_985/Well07@210402FLa_1095a{_6dpf_AJ-112-DR_1024_Nh_merge.nd2,20210402_105241_985/Well08@210402FLa_1095ab_6dpf_AJ-112-DR_1024_Nh_merge.nd2,20210402_105241_985/Well09@210402FLa_1095ac_6dpf_AJ-112-DR_1024_Nh_merge.nd2,,,,,,,,,,,,,,,,,,,,,,,,,,,,,,,,,,,,,,,,,,,,,,,,,,,,,,,,,,,,,,,,,,,,,,,,,,,,,,,,,,,,,,,
210502-A,20210504_151306_345,20210504_151306_345/Well01@210504FLa_2620a_5dpf_NS-311-DR_512_Nh_merge.nd2,20210504_151306_345/Well02@210504FLa_2620b_5dpf_NS-311-DR_512_Nh_merge.nd2,20210504_151306_345/Well03@210504FLa_2620c_5dpf_NS-311-DR_512_Nh_merge.nd2,20210504_151306_345/Well04@210504FLa_2620d_5dpf_NS-311-DR_512_Nh_merge.nd2,20210504_151306_345/Well05@210504FLa_2620e_5dpf_NS-311-DR_512_Nh_merge.nd2,20210504_151306_345/Well06@210504FLa_2620f_5dpf_NS-311-DR_512_Nh_merge.nd2,20210504_151306_345/Well07@210504FLa_2620g_5dpf_NS-311-DR_512_Nh_merge.nd2,20210504_151306_345/Well08@210504FLa_2620h_5dpf_NS-311-DR_512_Nh_merge.nd2,20210504_151306_345/Well09@210504FLa_2620i_5dpf_NS-311-DR_512_Nh_merge.nd2,20210504_151306_345/Well10@210504FLa_2620j_5dpf_NS-311-DR_512_Nh_merge.nd2,20210504_151306_345/Well11@210504FLa_2620k_5dpf_NS-311-DR_512_Nh_merge.nd2,20210504_151306_345/Well12@210504FLa_2620l_5dpf_NS-311-DR_512_Nh_merge.nd2,,,,,,,,,,,,,,,,,,,,,,,,,,,,,,,,,,,,,,,,,,,,,,,,,,,,,,,,,,,,,,,,,,,,,,,,,,,,,,,,,,,,
210502-A,20210504_103713_206,20210504_103713_206/Well01@210504FLb_2620a_5dpf_NS-311-DR_1024_Nh_merge.nd2,20210504_103713_206/Well02@210504FLb_2620b_5dpf_NS-311-DR_1024_Nh_merge.nd2,20210504_103713_206/Well03@210504FLb_2620c_5dpf_NS-311-DR_1024_Nh_merge.nd2,20210504_103713_206/Well04@210504FLb_2620d_5dpf_NS-311-DR_1024_Nh_merge.nd2,20210504_103713_206/Well05@210504FLb_2620e_5dpf_NS-311-DR_1024_Nh_merge.nd2,20210504_103713_206/Well06@210504FLb_2620f_5dpf_NS-311-DR_1024_Nh_merge.nd2,20210504_103713_206/Well07@210504FLb_2620g_5dpf_NS-311-DR_1024_Nh_merge.nd2,20210504_103713_206/Well08@210504FLb_2620h_5dpf_NS-311-DR_1024_Nh_merge.nd2,20210504_103713_206/Well09@210504FLb_2620i_5dpf_NS-311-DR_1024_Nh_merge.nd2,20210504_103713_206/Well10@210504FLb_2620j_5dpf_NS-311-DR_1024_Nh_merge.nd2,20210504_103713_206/Well11@210504FLb_2620k_5dpf_NS-311-DR_1024_Nh_merge.nd2,20210504_103713_206/Well12@210504FLb_2620l_5dpf_NS-311-DR_1024_Nh_merge.nd2,,,,,,,,,,,,,,,,,,,,,,,,,,,,,,,,,,,,,,,,,,,,,,,,,,,,,,,,,,,,,,,,,,,,,,,,,,,,,,,,,,,,
210402-A,20210507_111643_604,20210507_111643_604/Well01@210507FLa_1096a_6dpf_AJ-112-DR_1024_Nh_merge.nd2,20210507_111643_604/Well02@210507FLa_1096b_6dpf_AJ-112-DR_1024_Nh_merge.nd2,20210507_111643_604/Well03@210507FLa_1096c_6dpf_AJ-112-DR_1024_Nh_merge.nd2,20210507_111643_604/Well04@210507FLa_1096d_6dpf_AJ-112-DR_1024_Nh_merge.nd2,20210507_111643_604/Well05@210507FLa_1096e_6dpf_AJ-112-DR_1024_Nh_merge.nd2,20210507_111643_604/Well06@210507FLa_1096f_6dpf_AJ-112-DR_1024_Nh_merge.nd2,20210507_111643_604/Well07@210507FLa_1096g_6dpf_AJ-112-DR_1024_Nh_merge.nd2,20210507_111643_604/Well08@210507FLa_1096h_6dpf_AJ-112-DR_1024_Nh_merge.nd2,20210507_111643_604/Well09@210507FLa_1096i_6dpf_AJ-112-DR_1024_Nh_merge.nd2,20210507_111643_604/Well10@210507FLa_1096j_6dpf_AJ-112-DR_1024_Nh_merge.nd2,20210507_111643_604/Well11@210507FLa_1096k_6dpf_AJ-112-DR_1024_Nh_merge.nd2,20210507_111643_604/Well12@210507FLa_1096l_6dpf_AJ-112-DR_1024_Nh_merge.nd2,,,,,,,,,,,,,,,,,,,,,,,,,,,,,,,,,,,,,,,,,,,,,,,,,,,,,,,,,,,,,,,,,,,,,,,,,,,,,,,,,,,,
210507-A,20210511_111729_439,20210511_111729_439/Well01@210511FLa_2622a_5dpf_NS-311-DR_1024_Nh_merge.nd2,20210511_111729_439/Well02@210511FLa_2622b_5dpf_NS-311-DR_1024_Nh_merge.nd2,20210511_111729_439/Well03@210511FLa_2622c_5dpf_NS-311-DR_1024_Nh_merge.nd2,20210511_111729_439/Well04@210511FLa_2622d_5dpf_NS-311-DR_1024_Nh_merge.nd2,20210511_111729_439/Well05@210511FLa_2622e_5dpf_NS-311-DR_1024_Nh_merge.nd2,20210511_111729_439/Well06@210511FLa_2622f_5dpf_NS-311-DR_1024_Nh_merge.nd2,20210511_111729_439/Well07@210511FLa_2622g_5dpf_NS-311-DR_1024_Nh_merge.nd2,20210511_111729_439/Well08@210511FLa_2622h_5dpf_NS-311-DR_1024_Nh_merge.nd2,20210511_111729_439/Well09@210511FLa_2622i_5dpf_NS-311-DR_1024_Nh_merge.nd2,20210511_111729_439/Well10@210511FLa_2622j_5dpf_NS-311-DR_1024_Nh_merge.nd2,20210511_111729_439/Well11@210511FLa_2622k_5dpf_NS-311-DR_1024_Nh_merge.nd2,20210511_111729_439/Well12@210511FLa_2622l_5dpf_NS-311-DR_1024_Nh_merge.nd2,,,,,,,,,,,,,,,,,,,,,,,,,,,,,,,,,,,,,,,,,,,,,,,,,,,,,,,,,,,,,,,,,,,,,,,,,,,,,,,,,,,,
210507-A,20210511_150816_652,20210511_150816_652/Well01@210511FLb_2622a_5dpf_NS-311-DR_512_Nh_merge.nd2,20210511_150816_652/Well02@210511FLb_2622b_5dpf_NS-311-DR_512_Nh_merge.nd2,20210511_150816_652/Well03@210511FLb_2622c_5dpf_NS-311-DR_512_Nh_merge.nd2,20210511_150816_652/Well04@210511FLb_2622d_5dpf_NS-311-DR_512_Nh_merge.nd2,20210511_150816_652/Well05@210511FLb_2622e_5dpf_NS-311-DR_512_Nh_merge.nd2,20210511_150816_652/Well06@210511FLb_2622f_5dpf_NS-311-DR_512_Nh_merge.nd2,20210511_150816_652/Well07@210511FLb_2622g_5dpf_NS-311-DR_512_Nh_merge.nd2,20210511_150816_652/Well08@210511FLb_2622h_5dpf_NS-311-DR_512_Nh_merge.nd2,20210511_150816_652/Well09@210511FLb_2622i_5dpf_NS-311-DR_512_Nh_merge.nd2,20210511_150816_652/Well10@210511FLb_2622j_5dpf_NS-311-DR_512_Nh_merge.nd2,20210511_150816_652/Well11@210511FLb_2622k_5dpf_NS-311-DR_512_Nh_merge.nd2,20210511_150816_652/Well12@210511FLb_2622l_5dpf_NS-311-DR_512_Nh_merge.nd2,,,,,,,,,,,,,,,,,,,,,,,,,,,,,,,,,,,,,,,,,,,,,,,,,,,,,,,,,,,,,,,,,,,,,,,,,,,,,,,,,,,,
210517-A,20210521_162346_896,20210521_162346_896/Well01@210521FLa_2635a_5dpf_NS-312-DR_1024_Nh_merge.nd2,20210521_162346_896/Well02@210521FLa_2635b_5dpf_NS-312-DR_1024_Nh_merge.nd2,20210521_162346_896/Well03@210521FLa_2635c_5dpf_NS-312-DR_1024_Nh_merge.nd2,20210521_162346_896/Well04@210521FLa_2635d_5dpf_NS-312-DR_1024_Nh_merge.nd2,20210521_162346_896/Well05@210521FLa_2635e_5dpf_NS-312-DR_1024_Nh_merge.nd2,20210521_162346_896/Well06@210521FLa_2635f_5dpf_NS-312-DR_1024_Nh_merge.nd2,20210521_162346_896/Well07@210521FLa_2635g_5dpf_NS-312-DR_1024_Nh_merge.nd2,20210521_162346_896/Well08@210521FLa_2635h_5dpf_NS-312-DR_1024_Nh_merge.nd2,20210521_162346_896/Well09@210521FLa_2635i_5dpf_NS-312-DR_1024_Nh_merge.nd2,20210521_162346_896/Well10@210521FLa_2635j_5dpf_NS-312-DR_1024_Nh_merge.nd2,20210521_162346_896/Well11@210521FLa_2635k_5dpf_NS-312-DR_1024_Nh_merge.nd2,20210521_162346_896/Well12@210521FLa_2635l_5dpf_NS-312-DR_1024_Nh_merge.nd2,,,,,,,,,,,,,,,,,,,,,,,,,,,,,,,,,,,,,,,,,,,,,,,,,,,,,,,,,,,,,,,,,,,,,,,,,,,,,,,,,,,,
210517-A,20210525_100553_065,20210525_100553_065/Well01@210525FLa_2635a_5dpf_NS-312-DR_512_Nh_merge.nd2,20210525_100553_065/Well02@210525FLa_2635b_5dpf_NS-312-DR_512_Nh_merge.nd2,20210525_100553_065/Well03@210525FLa_2635c_5dpf_NS-312-DR_512_Nh_merge.nd2,20210525_100553_065/Well04@210525FLa_2635d_5dpf_NS-312-DR_512_Nh_merge.nd2,20210525_100553_065/Well05@210525FLa_2635e_5dpf_NS-312-DR_512_Nh_merge.nd2,20210525_100553_065/Well06@210525FLa_2635f_5dpf_NS-312-DR_512_Nh_merge.nd2,20210525_100553_065/Well07@210525FLa_2635g_5dpf_NS-312-DR_512_Nh_merge.nd2,20210525_100553_065/Well08@210525FLa_2635h_5dpf_NS-312-DR_512_Nh_merge.nd2,20210525_100553_065/Well09@210525FLa_2635i_5dpf_NS-312-DR_512_Nh_merge.nd2,20210525_100553_065/Well10@210525FLa_2635j_5dpf_NS-312-DR_512_Nh_merge.nd2,20210525_100553_065/Well11@210525FLa_2635k_5dpf_NS-312-DR_512_Nh_merge.nd2,20210525_100553_065/Well12@210525FLa_2635l_5dpf_NS-312-DR_512_Nh_merge.nd2,,,,,,,,,,,,,,,,,,,,,,,,,,,,,,,,,,,,,,,,,,,,,,,,,,,,,,,,,,,,,,,,,,,,,,,,,,,,,,,,,,,,
210511-B,20210519_135722_015,20210519_135722_015/Well01@210519FLa_2634a_5dpf_NS-312-DR_1024_Nh_merge.nd2,20210519_135722_015/Well02@210519FLa_2634b_5dpf_NS-312-DR_1024_Nh_merge.nd2,20210519_135722_015/Well03@210519FLa_2634c_5dpf_NS-312-DR_1024_Nh_merge.nd2,20210519_135722_015/Well04@210519FLa_2634d_5dpf_NS-312-DR_1024_Nh_merge.nd2,20210519_135722_015/Well05@210519FLa_2634e_5dpf_NS-312-DR_1024_Nh_merge.nd2,20210519_135722_015/Well06@210519FLa_2634f_5dpf_NS-312-DR_1024_Nh_merge.nd2,20210519_135722_015/Well07@210519FLa_2634g_5dpf_NS-312-DR_1024_Nh_merge.nd2,20210519_135722_015/Well08@210519FLa_2634h_5dpf_NS-312-DR_1024_Nh_merge.nd2,20210519_135722_015/Well09@210519FLa_2634i_5dpf_NS-312-DR_1024_Nh_merge.nd2,20210519_135722_015/Well10@210519FLa_2634j_5dpf_NS-312-DR_1024_Nh_merge.nd2,20210519_135722_015/Well11@210519FLa_2634k_5dpf_NS-312-DR_1024_Nh_merge.nd2,20210519_135722_015/Well12@210519FLa_2634l_5dpf_NS-312-DR_1024_Nh_merge.nd2,,,,,,,,,,,,,,,,,,,,,,,,,,,,,,,,,,,,,,,,,,,,,,,,,,,,,,,,,,,,,,,,,,,,,,,,,,,,,,,,,,,,
210511-B,20210519_100751_035,20210519_100751_035/Well01@210519FLb_2634a_5dpf_NS-312-DR_512_Nh_merge.nd2,20210519_100751_035/Well02@210519FLb_2634b_5dpf_NS-312-DR_512_Nh_merge.nd2,20210519_100751_035/Well03@210519FLb_2634c_5dpf_NS-312-DR_512_Nh_merge.nd2,20210519_100751_035/Well04@210519FLb_2634d_5dpf_NS-312-DR_512_Nh_merge.nd2,20210519_100751_035/Well05@210519FLb_2634e_5dpf_NS-312-DR_512_Nh_merge.nd2,20210519_100751_035/Well06@210519FLb_2634f_5dpf_NS-312-DR_512_Nh_merge.nd2,20210519_100751_035/Well07@210519FLb_2634g_5dpf_NS-312-DR_512_Nh_merge.nd2,20210519_100751_035/Well08@210519FLb_2634h_5dpf_NS-312-DR_512_Nh_merge.nd2,20210519_100751_035/Well09@210519FLb_2634i_5dpf_NS-312-DR_512_Nh_merge.nd2,20210519_100751_035/Well10@210519FLb_2634j_5dpf_NS-312-DR_512_Nh_merge.nd2,20210519_100751_035/Well11@210519FLb_2634k_5dpf_NS-312-DR_512_Nh_merge.nd2,20210519_100751_035/Well12@210519FLb_2634l_5dpf_NS-312-DR_512_Nh_merge.nd2,,,,,,,,,,,,,,,,,,,,,,,,,,,,,,,,,,,,,,,,,,,,,,,,,,,,,,,,,,,,,,,,,,,,,,,,,,,,,,,,,,,,
210610-A,20210611_160233_376,20210611_160233_376/Well01@210611FLa_2664a_21dpf_PC-140-DR_512_Nh_merge.nd2,20210611_160233_376/Well02@210611FLa_2664b_21dpf_PC-140-DR_512_Nh_merge.nd2,20210611_160233_376/Well03@210611FLa_2665a_21dpf_PC-140-DR_512_Nh_merge.nd2,20210611_160233_376/Well04@210611FLa_2665b_21dpf_PC-140-DR_512_Nh_merge.nd2,20210611_160233_376/Well05@210611FLa_2667a_21dpf_PC-140-DR_512_Nh_merge.nd2,20210611_160233_376/Well06@210611FLa_2667b_21dpf_PC-140-DR_512_Nh_merge.nd2,20210611_160233_376/Well07@210611FLa_2666a_21dpf_PC-140-DR_512_Nh_merge.nd2,20210611_160233_376/Well08@210611FLa_2666b_21dpf_PC-140-DR_512_Nh_merge.nd2,20210611_160233_376/Well09@210611FLa_2666c_21dpf_PC-140-DR_512_Nh_merge.nd2,20210611_160233_376/Well10@210611FLa_2666d_21dpf_PC-140-DR_512_Nh_merge.nd2,20210611_160233_376/Well11@210611FLa_2666e_21dpf_PC-140-DR_512_Nh_merge.nd2,20210611_160233_376/Well12@210611FLa_2666f_21dpf_PC-140-DR_512_Nh_merge.nd2,,20210611_160233_376/Well14@210611FLa_2659a_21dpf_PC-140-DR_512_Nh_merge.nd2,20210611_160233_376/Well15@210611FLa_2659b_21dpf_PC-140-DR_512_Nh_merge.nd2,20210611_160233_376/Well16@210611FLa_2663a_21dpf_PC-140-DR_512_Nh_merge.nd2,,20210611_160233_376/Well18@210611FLa_2663b_21dpf_PC-140-DR_512_Nh_merge.nd2,20210611_160233_376/Well19@210611FLa_2663c_21dpf_PC-140-DR_512_Nh_merge.nd2,,,,,,20210611_160233_376/Well25@210611FLa_2663d_21dpf_PC-140-DR_512_Nh_merge.nd2,20210611_160233_376/Well26@210611FLa_2663e_21dpf_PC-140-DR_512_Nh_merge.nd2,,20210611_160233_376/Well28@210611FLa_2664c_21dpf_PC-140-DR_512_Nh_merge.nd2,20210611_160233_376/Well29@210611FLa_2664d_21dpf_PC-140-DR_512_Nh_merge.nd2,20210611_160233_376/Well30@210611FLa_2665c_21dpf_PC-140-DR_512_Nh_merge.nd2,20210611_160233_376/Well31@210611FLa_2665d_21dpf_PC-140-DR_512_Nh_merge.nd2,20210611_160233_376/Well32@210611FLa_2665e_21dpf_PC-140-DR_512_Nh_merge.nd2,20210611_160233_376/Well33@210611FLa_2665f_21dpf_PC-140-DR_512_Nh_merge.nd2,20210611_160233_376/Well34@210611FLa_2666g_21dpf_PC-140-DR_512_Nh_merge.nd2,20210611_160233_376/Well35@210611FLa_2666h_21dpf_PC-140-DR_512_Nh_merge.nd2,20210611_160233_376/Well36@210611FLa_2666i_21dpf_PC-140-DR_512_Nh_merge.nd2,,20210611_160233_376/Well38@210611FLa_2663f_21dpf_PC-140-DR_512_Nh_merge.nd2,,,,,20210611_160233_376/Well43@210611FLa_2659c_21dpf_PC-140-DR_512_Nh_merge.nd2,20210611_160233_376/Well44@210611FLa_2659d_21dpf_PC-140-DR_512_Nh_merge.nd2,,20210611_160233_376/Well46@210611FLa_2659e_21dpf_PC-140-DR_512_Nh_merge.nd2,,20210611_160233_376/Well48@210611FLa_2659f_21dpf_PC-140-DR_512_Nh_merge.nd2,,,,,,,,,,,,,,,,,,,,,,,,,,,,,,,,,,,,,,,,,,,,,,,,
210610-A,20210614_115049_570,20210614_115049_570/Well01@210614FLb_2664a_21dpf_PC-140-DR_512_Nh_merge.nd2,20210614_115049_570/Well02@210614FLb_2664b_21dpf_PC-140-DR_512_Nh_merge.nd2,20210614_115049_570/Well03@210614FLb_2665a_21dpf_PC-140-DR_512_Nh_merge.nd2,20210614_115049_570/Well04@210614FLb_2665b_21dpf_PC-140-DR_512_Nh_merge.nd2,20210614_115049_570/Well05@210614FLb_2667a_21dpf_PC-140-DR_512_Nh_merge.nd2,20210614_115049_570/Well06@210614FLb_2667b_21dpf_PC-140-DR_512_Nh_merge.nd2,20210614_115049_570/Well07@210614FLb_2666a_21dpf_PC-140-DR_512_Nh_merge.nd2,20210614_115049_570/Well08@210614FLb_2666b_21dpf_PC-140-DR_512_Nh_merge.nd2,20210614_115049_570/Well09@210614FLb_2666c_21dpf_PC-140-DR_512_Nh_merge.nd2,20210614_115049_570/Well10@210614FLb_2666d_21dpf_PC-140-DR_512_Nh_merge.nd2,20210614_115049_570/Well11@210614FLb_2666e_21dpf_PC-140-DR_512_Nh_merge.nd2,20210614_115049_570/Well12@210614FLb_2666f_21dpf_PC-140-DR_512_Nh_merge.nd2,,20210614_115049_570/Well14@210614FLb_2659a_21dpf_PC-140-DR_512_Nh_merge.nd2,20210614_115049_570/Well15@210614FLb_2659b_21dpf_PC-140-DR_512_Nh_merge.nd2,20210614_115049_570/Well16@210614FLb_2663a_21dpf_PC-140-DR_512_Nh_merge.nd2,,20210614_115049_570/Well18@210614FLb_2663b_21dpf_PC-140-DR_512_Nh_merge.nd2,20210614_115049_570/Well19@210614FLb_2663c_21dpf_PC-140-DR_512_Nh_merge.nd2,,,,,,20210614_115049_570/Well25@210614FLb_2663d_21dpf_PC-140-DR_512_Nh_merge.nd2,20210614_115049_570/Well26@210614FLb_2663e_21dpf_PC-140-DR_512_Nh_merge.nd2,,20210614_115049_570/Well28@210614FLb_2664c_21dpf_PC-140-DR_512_Nh_merge.nd2,20210614_115049_570/Well29@210614FLb_2664d_21dpf_PC-140-DR_512_Nh_merge.nd2,20210614_115049_570/Well30@210614FLb_2665c_21dpf_PC-140-DR_512_Nh_merge.nd2,20210614_115049_570/Well31@210614FLb_2665d_21dpf_PC-140-DR_512_Nh_merge.nd2,20210614_115049_570/Well32@210614FLb_2665e_21dpf_PC-140-DR_512_Nh_merge.nd2,20210614_115049_570/Well33@210614FLb_2665f_21dpf_PC-140-DR_512_Nh_merge.nd2,20210614_115049_570/Well34@210614FLb_2666g_21dpf_PC-140-DR_512_Nh_merge.nd2,20210614_115049_570/Well35@210614FLb_2666h_21dpf_PC-140-DR_512_Nh_merge.nd2,20210614_115049_570/Well36@210614FLb_2666i_21dpf_PC-140-DR_512_Nh_merge.nd2,,20210614_115049_570/Well38@210614FLb_2663f_21dpf_PC-140-DR_512_Nh_merge.nd2,,,,,20210614_115049_570/Well43@210614FLb_2659c_21dpf_PC-140-DR_512_Nh_merge.nd2,20210614_115049_570/Well44@210614FLb_2659d_21dpf_PC-140-DR_512_Nh_merge.nd2,,20210614_115049_570/Well46@210614FLb_2659e_21dpf_PC-140-DR_512_Nh_merge.nd2,,20210614_115049_570/Well48@210614FLb_2659f_21dpf_PC-140-DR_512_Nh_merge.nd2,,,,,,,,,,,,,,,,,,,,,,,,,,,,,,,,,,,,,,,,,,,,,,,,
210618-A,20210622_110712_042,20210622_110712_042/Well01@210622FLa_2658e_21dpf_PC-140-DR_512_Nh_merge.nd2,20210622_110712_042/Well02@210622FLa_2658f_21dpf_PC-140-DR_512_Nh_merge.nd2,20210622_110712_042/Well03@210622FLa_2658g_21dpf_PC-140-DR_512_Nh_merge.nd2,20210622_110712_042/Well04@210622FLa_2658h_21dpf_PC-140-DR_512_Nh_merge.nd2,,20210622_110712_042/Well06@210622FLa_2661f_21dpf_PC-140-DR_512_Nh_merge.nd2,20210622_110712_042/Well07@210622FLa_2661g_21dpf_PC-140-DR_512_Nh_merge.nd2,20210622_110712_042/Well08@210622FLa_2661h_21dpf_PC-140-DR_512_Nh_merge.nd2,20210622_110712_042/Well09@210622FLa_2661i_21dpf_PC-140-DR_512_Nh_merge.nd2,20210622_110712_042/Well10@210622FLa_2661j_21dpf_PC-140-DR_512_Nh_merge.nd2,,,20210622_110712_042/Well13@210622FLa_2662g_21dpf_PC-140-DR_512_Nh_merge.nd2,20210622_110712_042/Well14@210622FLa_2662h_21dpf_PC-140-DR_512_Nh_merge.nd2,20210622_110712_042/Well15@210622FLa_2662i_21dpf_PC-140-DR_512_Nh_merge.nd2,20210622_110712_042/Well16@210622FLa_2662j_21dpf_PC-140-DR_512_Nh_merge.nd2,20210622_110712_042/Well17@210622FLa_2662k_21dpf_PC-140-DR_512_Nh_merge.nd2,,20210622_110712_042/Well19@210622FLa_2662l_21dpf_PC-140-DR_512_Nh_merge.nd2,,,,,,,,,,,,,,,,,,,,,,,,,20210622_110712_042/Well44@210622FLa_2656a_21dpf_PC-140-DR_512_Nh_merge.nd2,20210622_110712_042/Well45@210622FLa_2656b_21dpf_PC-140-DR_512_Nh_merge.nd2,20210622_110712_042/Well46@210622FLa_2656c_21dpf_PC-140-DR_512_Nh_merge.nd2,20210622_110712_042/Well47@210622FLa_2656d_21dpf_PC-140-DR_512_Nh_merge.nd2,,,,,,,,,,,,,,,,,,,,,,,,,,,,,,,,,,,,,,,,,,,,,,,,,
210625-A,20210629_121243_374,20210629_121243_374/Well01@210629FLa_1131a_6dpf_AJ-112-DR_1024_Nh_merge.nd2,20210629_121243_374/Well02@210629FLa_1131b_6dpf_AJ-112-DR_1024_Nh_merge.nd2,20210629_121243_374/Well03@210629FLa_1131c_6dpf_AJ-112-DR_1024_Nh_merge.nd2,20210629_121243_374/Well04@210629FLa_1131d_6dpf_AJ-112-DR_1024_Nh_merge.nd2,20210629_121243_374/Well05@210629FLa_1131e_6dpf_AJ-112-DR_1024_Nh_merge.nd2,20210629_121243_374/Well06@210629FLa_1131f_6dpf_AJ-112-DR_1024_Nh_merge.nd2,20210629_121243_374/Well07@210629FLa_1131g_6dpf_AJ-112-DR_1024_Nh_merge.nd2,20210629_121243_374/Well08@210629FLa_1131h_6dpf_AJ-112-DR_1024_Nh_merge.nd2,20210629_121243_374/Well09@210629FLa_1131i_6dpf_AJ-112-DR_1024_Nh_merge.nd2,20210629_121243_374/Well10@210629FLa_1131j_6dpf_AJ-112-DR_1024_Nh_merge.nd2,20210629_121243_374/Well11@210629FLa_1131k_6dpf_AJ-112-DR_1024_Nh_merge.nd2,20210629_121243_374/Well12@210629FLa_1131l_6dpf_AJ-112-DR_1024_Nh_merge.nd2,,,,,,,,,,,,,,,,,,,,,,,,,,,,,,,,,,,,,,,,,,,,,,,,,,,,,,,,,,,,,,,,,,,,,,,,,,,,,,,,,,,,
210625-B,20210630_151215_170,20210630_151215_170/Well01@210630FLa_1199a_7dpf_AJ-111-DR_1024_Nh_merge.nd2,20210630_151215_170/Well02@210630FLa_1199b_7dpf_AJ-111-DR_1024_Nh_merge.nd2,20210630_151215_170/Well03@210630FLa_1199c_7dpf_AJ-111-DR_1024_Nh_merge.nd2,20210630_151215_170/Well04@210630FLa_1199d_7dpf_AJ-111-DR_1024_Nh_merge.nd2,20210630_151215_170/Well05@210630FLa_1199e_7dpf_AJ-111-DR_1024_Nh_merge.nd2,20210630_151215_170/Well06@210630FLa_1199f_7dpf_AJ-111-DR_1024_Nh_merge.nd2,20210630_151215_170/Well07@210630FLa_1199g_7dpf_AJ-111-DR_1024_Nh_merge.nd2,20210630_151215_170/Well08@210630FLa_1199h_7dpf_AJ-111-DR_1024_Nh_merge.nd2,,,,,,,,,,,,,,,,,,,,,,,,,,,,,,,,,,,,,,,,,,,,,,,,,,,,,,,,,,,,,,,,,,,,,,,,,,,,,,,,,,,,,,,,
210625-C,20210701_165252_297,20210701_165252_297/Well01@210701FLa_1200a_6dpf_AJ-112-DR_1024_Nh_merge.nd2,20210701_165252_297/Well02@210701FLa_1200b_6dpf_AJ-112-DR_1024_Nh_merge.nd2,20210701_165252_297/Well03@210701FLa_1200c_6dpf_AJ-112-DR_1024_Nh_merge.nd2,20210701_165252_297/Well04@210701FLa_1200d_6dpf_AJ-112-DR_1024_Nh_merge.nd2,20210701_165252_297/Well05@210701FLa_1200e_6dpf_AJ-112-DR_1024_Nh_merge.nd2,20210701_165252_297/Well06@210701FLa_1200f_6dpf_AJ-112-DR_1024_Nh_merge.nd2,20210701_165252_297/Well07@210701FLa_1200g_6dpf_AJ-112-DR_1024_Nh_merge.nd2,20210701_165252_297/Well08@210701FLa_1200h_6dpf_AJ-112-DR_1024_Nh_merge.nd2,20210701_165252_297/Well09@210701FLa_1200i_6dpf_AJ-112-DR_1024_Nh_merge.nd2,20210701_165252_297/Well10@210701FLa_1200j_6dpf_AJ-112-DR_1024_Nh_merge.nd2,20210701_165252_297/Well11@210701FLa_1200k_6dpf_AJ-112-DR_1024_Nh_merge.nd2,20210701_165252_297/Well12@210701FLa_1200l_6dpf_AJ-112-DR_1024_Nh_merge.nd2,,,,,,,,,,,,,,,,,,,,,,,,,,,,,,,,,,,,,,,,,,,,,,,,,,,,,,,,,,,,,,,,,,,,,,,,,,,,,,,,,,,,
210625-D,20210702_150335_540,20210702_150335_540/Well01@210702FLa_1205a_6dpf_AJ-112-DR_1024_Nh_merge.nd2,20210702_150335_540/Well02@210702FLa_1205b_6dpf_AJ-112-DR_1024_Nh_merge.nd2,20210702_150335_540/Well03@210702FLa_1205c_6dpf_AJ-112-DR_1024_Nh_merge.nd2,20210702_150335_540/Well04@210702FLa_1205d_6dpf_AJ-112-DR_1024_Nh_merge.nd2,20210702_150335_540/Well05@210702FLa_1205e_6dpf_AJ-112-DR_1024_Nh_merge.nd2,20210702_150335_540/Well06@210702FLa_1205f_6dpf_AJ-112-DR_1024_Nh_merge.nd2,20210702_150335_540/Well07@210702FLa_1205g_6dpf_AJ-112-DR_1024_Nh_merge.nd2,20210702_150335_540/Well08@210702FLa_1205h_6dpf_AJ-112-DR_1024_Nh_merge.nd2,20210702_150335_540/Well09@210702FLa_1205i_6dpf_AJ-112-DR_1024_Nh_merge.nd2,20210702_150335_540/Well10@210702FLa_1205j_6dpf_AJ-112-DR_1024_Nh_merge.nd2,20210702_150335_540/Well11@210702FLa_1205k_6dpf_AJ-112-DR_1024_Nh_merge.nd2,20210702_150335_540/Well12@210702FLa_1205l_6dpf_AJ-112-DR_1024_Nh_merge.nd2,,,,,,,,,,,,,,,,,,,,,,,,,,,,,,,,,,,,,,,,,,,,,,,,,,,,,,,,,,,,,,,,,,,,,,,,,,,,,,,,,,,,
210402-B,20210707_161950_357,20210707_161950_357/Well01@210707FLa_1098a_6dpf_AJ-112-DR_1024_Nh_merge.nd2,20210707_161950_357/Well02@210707FLa_1098b_6dpf_AJ-112-DR_1024_Nh_merge.nd2,20210707_161950_357/Well03@210707FLa_1098c_6dpf_AJ-112-DR_1024_Nh_merge.nd2,20210707_161950_357/Well04@210707FLa_1098d_6dpf_AJ-112-DR_1024_Nh_merge.nd2,20210707_161950_357/Well05@210707FLa_1098e_6dpf_AJ-112-DR_1024_Nh_merge.nd2,20210707_161950_357/Well06@210707FLa_1098f_6dpf_AJ-112-DR_1024_Nh_merge.nd2,20210707_161950_357/Well07@210707FLa_1098g_6dpf_AJ-112-DR_1024_Nh_merge.nd2,20210707_161950_357/Well08@210707FLa_1098h_6dpf_AJ-112-DR_1024_Nh_merge.nd2,20210707_161950_357/Well09@210707FLa_1098i_6dpf_AJ-112-DR_1024_Nh_merge.nd2,20210707_161950_357/Well10@210707FLa_1098j_6dpf_AJ-112-DR_1024_Nh_merge.nd2,20210707_161950_357/Well11@210707FLa_1098k_6dpf_AJ-112-DR_1024_Nh_merge.nd2,20210707_161950_357/Well12@210707FLa_1098l_6dpf_AJ-112-DR_1024_Nh_merge.nd2,,,,,,,,,,,,,,,,,,,,,,,,,,,,,,,,,,,,,,,,,,,,,,,,,,,,,,,,,,,,,,,,,,,,,,,,,,,,,,,,,,,,
210720-A,20210721_190424_431,20210721_190424_431/Well01@210721MSa_2676a_6dpf_TA-220-DR_1024_Nh_merge.nd2,20210721_190424_431/Well02@210721MSa_2676b_6dpf_TA-220-DR_1024_Nh_merge.nd2,20210721_190424_431/Well03@210721MSa_2676c_6dpf_TA-220-DR_1024_Nh_merge.nd2,20210721_190424_431/Well04@210721MSa_2676d_6dpf_TA-220-DR_1024_Nh_merge.nd2,20210721_190424_431/Well05@210721MSa_2676e_6dpf_TA-220-DR_1024_Nh_merge.nd2,20210721_190424_431/Well06@210721MSa_2676f_6dpf_TA-220-DR_1024_Nh_merge.nd2,20210721_190424_431/Well07@210721MSa_2676g_6dpf_TA-220-DR_1024_Nh_merge.nd2,20210721_190424_431/Well08@210721MSa_2676h_6dpf_TA-220-DR_1024_Nh_merge.nd2,20210721_190424_431/Well09@210721MSa_2676i_6dpf_TA-220-DR_1024_Nh_merge.nd2,20210721_190424_431/Well10@210721MSa_2676j_6dpf_TA-220-DR_1024_Nh_merge.nd2,20210721_190424_431/Well11@210721MSa_2676k_6dpf_TA-220-DR_1024_Nh_merge.nd2,20210721_190424_431/Well12@210721MSa_2676l_6dpf_TA-220-DR_1024_Nh_merge.nd2,20210721_190424_431/Well13@210721MSa_2677a_6dpf_TA-220-DR_1024_Nh_merge.nd2,20210721_190424_431/Well14@210721MSa_2677b_6dpf_TA-220-DR_1024_Nh_merge.nd2,20210721_190424_431/Well15@210721MSa_2677c_6dpf_TA-220-DR_1024_Nh_merge.nd2,20210721_190424_431/Well16@210721MSa_2677d_6dpf_TA-220-DR_1024_Nh_merge.nd2,20210721_190424_431/Well17@210721MSa_2677e_6dpf_TA-220-DR_1024_Nh_merge.nd2,20210721_190424_431/Well18@210721MSa_2677f_6dpf_TA-220-DR_1024_Nh_merge.nd2,20210721_190424_431/Well19@210721MSa_2677g_6dpf_TA-220-DR_1024_Nh_merge.nd2,20210721_190424_431/Well20@210721MSa_2677h_6dpf_TA-220-DR_1024_Nh_merge.nd2,20210721_190424_431/Well21@210721MSa_2677i_6dpf_TA-220-DR_1024_Nh_merge.nd2,20210721_190424_431/Well22@210721MSa_2677j_6dpf_TA-220-DR_1024_Nh_merge.nd2,20210721_190424_431/Well23@210721MSa_2677k_6dpf_TA-220-DR_1024_Nh_merge.nd2,20210721_190424_431/Well24@210721MSa_2677l_6dpf_TA-220-DR_1024_Nh_merge.nd2,20210721_190424_431/Well25@210721MSa_2678a_6dpf_TA-220-DR_1024_Nh_merge.nd2,20210721_190424_431/Well26@210721MSa_2678b_6dpf_TA-220-DR_1024_Nh_merge.nd2,20210721_190424_431/Well27@210721MSa_2678c_6dpf_TA-220-DR_1024_Nh_merge.nd2,20210721_190424_431/Well28@210721MSa_2678d_6dpf_TA-220-DR_1024_Nh_merge.nd2,20210721_190424_431/Well29@210721MSa_2678e_6dpf_TA-220-DR_1024_Nh_merge.nd2,20210721_190424_431/Well30@210721MSa_2678f_6dpf_TA-220-DR_1024_Nh_merge.nd2,20210721_190424_431/Well31@210721MSa_2678g_6dpf_TA-220-DR_1024_Nh_merge.nd2,20210721_190424_431/Well32@210721MSa_2678h_6dpf_TA-220-DR_1024_Nh_merge.nd2,20210721_190424_431/Well33@210721MSa_2678i_6dpf_TA-220-DR_1024_Nh_merge.nd2,20210721_190424_431/Well34@210721MSa_2678j_6dpf_TA-220-DR_1024_Nh_merge.nd2,20210721_190424_431/Well35@210721MSa_2678k_6dpf_TA-220-DR_1024_Nh_merge.nd2,20210721_190424_431/Well36@210721MSa_2678l_6dpf_TA-220-DR_1024_Nh_merge.nd2,,,,,,,,,,,,,,,,,,,,,,,,,,,,,,,,,,,,,,,,,,,,,,,,,,,,,,,,,,,,
210720-A,20210722_154317_025,20210722_154317_025/Well01@210722MSa_2676a_6dpf_TA-220-DR_1024_Nh_merge.nd2,20210722_154317_025/Well02@210722MSa_2676b_6dpf_TA-220-DR_1024_Nh_merge.nd2,20210722_154317_025/Well03@210722MSa_2676c_6dpf_TA-220-DR_1024_Nh_merge.nd2,20210722_154317_025/Well04@210722MSa_2676d_6dpf_TA-220-DR_1024_Nh_merge.nd2,20210722_154317_025/Well05@210722MSa_2676e_6dpf_TA-220-DR_1024_Nh_merge.nd2,20210722_154317_025/Well06@210722MSa_2676f_6dpf_TA-220-DR_1024_Nh_merge.nd2,20210722_154317_025/Well07@210722MSa_2676g_6dpf_TA-220-DR_1024_Nh_merge.nd2,20210722_154317_025/Well08@210722MSa_2676h_6dpf_TA-220-DR_1024_Nh_merge.nd2,20210722_154317_025/Well09@210722MSa_2676i_6dpf_TA-220-DR_1024_Nh_merge.nd2,20210722_154317_025/Well10@210722MSa_2676j_6dpf_TA-220-DR_1024_Nh_merge.nd2,20210722_154317_025/Well11@210722MSa_2676k_6dpf_TA-220-DR_1024_Nh_merge.nd2,20210722_154317_025/Well12@210722MSa_2676l_6dpf_TA-220-DR_1024_Nh_merge.nd2,20210722_154317_025/Well13@210722MSa_2677a_6dpf_TA-220-DR_1024_Nh_merge.nd2,20210722_154317_025/Well14@210722MSa_2677b_6dpf_TA-220-DR_1024_Nh_merge.nd2,20210722_154317_025/Well15@210722MSa_2677c_6dpf_TA-220-DR_1024_Nh_merge.nd2,20210722_154317_025/Well16@210722MSa_2677d_6dpf_TA-220-DR_1024_Nh_merge.nd2,20210722_154317_025/Well17@210722MSa_2677e_6dpf_TA-220-DR_1024_Nh_merge.nd2,20210722_154317_025/Well18@210722MSa_2677f_6dpf_TA-220-DR_1024_Nh_merge.nd2,20210722_154317_025/Well19@210722MSa_2677g_6dpf_TA-220-DR_1024_Nh_merge.nd2,20210722_154317_025/Well20@210722MSa_2677h_6dpf_TA-220-DR_1024_Nh_merge.nd2,20210722_154317_025/Well21@210722MSa_2677i_6dpf_TA-220-DR_1024_Nh_merge.nd2,20210722_154317_025/Well22@210722MSa_2677j_6dpf_TA-220-DR_1024_Nh_merge.nd2,20210722_154317_025/Well23@210722MSa_2677k_6dpf_TA-220-DR_1024_Nh_merge.nd2,20210722_154317_025/Well24@210722MSa_2677l_6dpf_TA-220-DR_1024_Nh_merge.nd2,20210722_154317_025/Well25@210722MSa_2678a_6dpf_TA-220-DR_1024_Nh_merge.nd2,20210722_154317_025/Well26@210722MSa_2678b_6dpf_TA-220-DR_1024_Nh_merge.nd2,20210722_154317_025/Well27@210722MSa_2678c_6dpf_TA-220-DR_1024_Nh_merge.nd2,20210722_154317_025/Well28@210722MSa_2678d_6dpf_TA-220-DR_1024_Nh_merge.nd2,20210722_154317_025/Well29@210722MSa_2678e_6dpf_TA-220-DR_1024_Nh_merge.nd2,20210722_154317_025/Well30@210722MSa_2678f_6dpf_TA-220-DR_1024_Nh_merge.nd2,20210722_154317_025/Well31@210722MSa_2678g_6dpf_TA-220-DR_1024_Nh_merge.nd2,20210722_154317_025/Well32@210722MSa_2678h_6dpf_TA-220-DR_1024_Nh_merge.nd2,20210722_154317_025/Well33@210722MSa_2678i_6dpf_TA-220-DR_1024_Nh_merge.nd2,20210722_154317_025/Well34@210722MSa_2678j_6dpf_TA-220-DR_1024_Nh_merge.nd2,20210722_154317_025/Well35@210722MSa_2678k_6dpf_TA-220-DR_1024_Nh_merge.nd2,20210722_154317_025/Well36@210722MSa_2678l_6dpf_TA-220-DR_1024_Nh_merge.nd2,,,,,,,,,,,,,,,,,,,,,,,,,,,,,,,,,,,,,,,,,,,,,,,,,,,,,,,,,,,,
210908-A,20210910_094150_357,20210910_094150_357/Well01@210910FLa_2700a_5dpf_MFB-321-DR_512_Nh_merge.nd2,20210910_094150_357/Well02@210910FLa_2700b_5dpf_MFB-321-DR_512_Nh_merge.nd2,20210910_094150_357/Well03@210910FLa_2700c_5dpf_MFB-321-DR_512_Nh_merge.nd2,20210910_094150_357/Well04@210910FLa_2700d_5dpf_MFB-321-DR_512_Nh_merge.nd2,20210910_094150_357/Well05@210910FLa_2700e_5dpf_MFB-321-DR_512_Nh_merge.nd2,20210910_094150_357/Well06@210910FLa_2700f_5dpf_MFB-321-DR_512_Nh_merge.nd2,20210910_094150_357/Well07@210910FLa_2701a_5dpf_MFB-321-DR_512_Nh_merge.nd2,20210910_094150_357/Well08@210910FLa_2701b_5dpf_MFB-321-DR_512_Nh_merge.nd2,20210910_094150_357/Well09@210910FLa_2701c_5dpf_MFB-321-DR_512_Nh_merge.nd2,20210910_094150_357/Well10@210910FLa_2701d_5dpf_MFB-321-DR_512_Nh_merge.nd2,20210910_094150_357/Well11@210910FLa_2701e_5dpf_MFB-321-DR_512_Nh_merge.nd2,20210910_094150_357/Well12@210910FLa_2701f_5dpf_MFB-321-DR_512_Nh_merge.nd2,,,,,,,,,,,,,,,,,,,,,,,,,,,,,,,,,,,,,,,,,,,,,,,,,,,,,,,,,,,,,,,,,,,,,,,,,,,,,,,,,,,,
210908-A,20210913_100654_250,20210913_100654_250/Well01@210913FLa_2700a_5dpf_MFB-321-DR_1024_Nh_merge.nd2,20210913_100654_250/Well02@210913FLa_2700b_5dpf_MFB-321-DR_1024_Nh_merge.nd2,20210913_100654_250/Well03@210913FLa_2700c_5dpf_MFB-321-DR_1024_Nh_merge.nd2,20210913_100654_250/Well04@210913FLa_2700d_5dpf_MFB-321-DR_1024_Nh_merge.nd2,20210913_100654_250/Well05@210913FLa_2700e_5dpf_MFB-321-DR_1024_Nh_merge.nd2,20210913_100654_250/Well06@210913FLa_2700f_5dpf_MFB-321-DR_1024_Nh_merge.nd2,20210913_100654_250/Well07@210913FLa_2701a_5dpf_MFB-321-DR_1024_Nh_merge.nd2,20210913_100654_250/Well08@210913FLa_2701b_5dpf_MFB-321-DR_1024_Nh_merge.nd2,20210913_100654_250/Well09@210913FLa_2701c_5dpf_MFB-321-DR_1024_Nh_merge.nd2,20210913_100654_250/Well10@210913FLa_2701d_5dpf_MFB-321-DR_1024_Nh_merge.nd2,20210913_100654_250/Well11@210913FLa_2701e_5dpf_MFB-321-DR_1024_Nh_merge.nd2,20210913_100654_250/Well12@210913FLa_2701f_5dpf_MFB-321-DR_1024_Nh_merge.nd2,,,,,,,,,,,,,,,,,,,,,,,,,,,,,,,,,,,,,,,,,,,,,,,,,,,,,,,,,,,,,,,,,,,,,,,,,,,,,,,,,,,,
211119-A,20211126_175704_177,20211126_175704_177/Well01@211126FLa_2708a_3dpf_MD-158-DR_512_Nh_merge.nd2,20211126_175704_177/Well02@211126FLa_2708b_3dpf_MD-158-DR_512_Nh_merge.nd2,20211126_175704_177/Well03@211126FLa_2708c_3dpf_MD-158-DR_512_Nh_merge.nd2,20211126_175704_177/Well04@211126FLa_2708d_3dpf_MD-158-DR_512_Nh_merge.nd2,20211126_175704_177/Well05@211126FLa_2708e_3dpf_MD-158-DR_512_Nh_merge.nd2,20211126_175704_177/Well06@211126FLa_2708f_3dpf_MD-158-DR_512_Nh_merge.nd2,20211126_175704_177/Well07@211126FLa_2708g_3dpf_MD-158-DR_512_Nh_merge.nd2,20211126_175704_177/Well08@211126FLa_2708h_3dpf_MD-158-DR_512_Nh_merge.nd2,20211126_175704_177/Well09@211126FLa_2708i_3dpf_MD-158-DR_512_Nh_merge.nd2,,20211126_175704_177/Well11@211126FLa_2709a_3dpf_MD-158-DR_512_Nh_merge.nd2,20211126_175704_177/Well12@211126FLa_2709b_3dpf_MD-158-DR_512_Nh_merge.nd2,20211126_175704_177/Well13@211126FLa_2709c_3dpf_MD-158-DR_512_Nh_merge.nd2,20211126_175704_177/Well14@211126FLa_2709d_3dpf_MD-158-DR_512_Nh_merge.nd2,20211126_175704_177/Well15@211126FLa_2709e_3dpf_MD-158-DR_512_Nh_merge.nd2,20211126_175704_177/Well16@211126FLa_2709f_3dpf_MD-158-DR_512_Nh_merge.nd2,20211126_175704_177/Well17@211126FLa_2709g_3dpf_MD-158-DR_512_Nh_merge.nd2,20211126_175704_177/Well18@211126FLa_2709h_3dpf_MD-158-DR_512_Nh_merge.nd2,20211126_175704_177/Well19@211126FLa_2709i_3dpf_MD-158-DR_512_Nh_merge.nd2,20211126_175704_177/Well20@211126FLa_2709j_3dpf_MD-158-DR_512_Nh_merge.nd2,,20211126_175704_177/Well22@211126FLa_2710a_3dpf_MD-158-DR_512_Nh_merge.nd2,20211126_175704_177/Well23@211126FLa_2710b_3dpf_MD-158-DR_512_Nh_merge.nd2,20211126_175704_177/Well24@211126FLa_2710c_3dpf_MD-158-DR_512_Nh_merge.nd2,20211126_175704_177/Well25@211126FLa_2710d_3dpf_MD-158-DR_512_Nh_merge.nd2,20211126_175704_177/Well26@211126FLa_2710e_3dpf_MD-158-DR_512_Nh_merge.nd2,20211126_175704_177/Well27@211126FLa_2710f_3dpf_MD-158-DR_512_Nh_merge.nd2,20211126_175704_177/Well28@211126FLa_2710g_3dpf_MD-158-DR_512_Nh_merge.nd2,20211126_175704_177/Well29@211126FLa_2710h_3dpf_MD-158-DR_512_Nh_merge.nd2,,,,,,,,,,,,,,,,,,,,,,,,,,,,,,,,,,,,,,,,,,,,,,,,,,,,,,,,,,,,,,,,,,,
211129-A,20211202_130912_182,20211202_130912_182/Well01@211202FLb_2711a_3dpf_MD-158-DR_512_Nh_merge.nd2,20211202_130912_182/Well02@211202FLb_2711b_3dpf_MD-158-DR_512_Nh_merge.nd2,20211202_130912_182/Well03@211202FLb_2711c_3dpf_MD-158-DR_512_Nh_merge.nd2,20211202_130912_182/Well04@211202FLb_2711d_3dpf_MD-158-DR_512_Nh_merge.nd2,20211202_130912_182/Well05@211202FLb_2711e_3dpf_MD-158-DR_512_Nh_merge.nd2,20211202_130912_182/Well06@211202FLb_2711f_3dpf_MD-158-DR_512_Nh_merge.nd2,20211202_130912_182/Well07@211202FLb_2711g_3dpf_MD-158-DR_512_Nh_merge.nd2,20211202_130912_182/Well08@211202FLb_2711h_3dpf_MD-158-DR_512_Nh_merge.nd2,20211202_130912_182/Well09@211202FLb_2711i_3dpf_MD-158-DR_512_Nh_merge.nd2,20211202_130912_182/Well10@211202FLb_2711j_3dpf_MD-158-DR_512_Nh_merge.nd2,20211202_130912_182/Well11@211202FLb_2712a_3dpf_MD-158-DR_512_Nh_merge.nd2,20211202_130912_182/Well12@211202FLb_2712b_3dpf_MD-158-DR_512_Nh_merge.nd2,20211202_130912_182/Well13@211202FLb_2712c_3dpf_MD-158-DR_512_Nh_merge.nd2,20211202_130912_182/Well14@211202FLb_2712d_3dpf_MD-158-DR_512_Nh_merge.nd2,20211202_130912_182/Well15@211202FLb_2712e_3dpf_MD-158-DR_512_Nh_merge.nd2,20211202_130912_182/Well16@211202FLb_2712f_3dpf_MD-158-DR_512_Nh_merge.nd2,20211202_130912_182/Well17@211202FLb_2712g_3dpf_MD-158-DR_512_Nh_merge.nd2,20211202_130912_182/Well18@211202FLb_2712h_3dpf_MD-158-DR_512_Nh_merge.nd2,20211202_130912_182/Well19@211202FLb_2712i_3dpf_MD-158-DR_512_Nh_merge.nd2,20211202_130912_182/Well20@211202FLb_2712j_3dpf_MD-158-DR_512_Nh_merge.nd2,20211202_130912_182/Well21@211202FLb_2713a_3dpf_MD-158-DR_512_Nh_merge.nd2,20211202_130912_182/Well22@211202FLb_2713b_3dpf_MD-158-DR_512_Nh_merge.nd2,20211202_130912_182/Well23@211202FLb_2713c_3dpf_MD-158-DR_512_Nh_merge.nd2,20211202_130912_182/Well24@211202FLb_2713d_3dpf_MD-158-DR_512_Nh_merge.nd2,20211202_130912_182/Well25@211202FLb_2713e_3dpf_MD-158-DR_512_Nh_merge.nd2,20211202_130912_182/Well26@211202FLb_2713f_3dpf_MD-158-DR_512_Nh_merge.nd2,20211202_130912_182/Well27@211202FLb_2713g_3dpf_MD-158-DR_512_Nh_merge.nd2,20211202_130912_182/Well28@211202FLb_2713h_3dpf_MD-158-DR_512_Nh_merge.nd2,,,20211202_130912_182/Well31@211202FLb_2713i_3dpf_MD-158-DR_512_Nh_merge.nd2,20211202_130912_182/Well32@211202FLb_2713j_3dpf_MD-158-DR_512_Nh_merge.nd2,,,,,,,,,,,,,,,,,,,,,,,,,,,,,,,,,,,,,,,,,,,,,,,,,,,,,,,,,,,,,,,,
211122-A,20211209_163815_496,20211209_163815_496/Well01@211209FLa_2719a_5dpf_MFB-321-DR_512_Nh_merge.nd2,20211209_163815_496/Well02@211209FLa_2719b_5dpf_MFB-321-DR_512_Nh_merge.nd2,20211209_163815_496/Well03@211209FLa_2719c_5dpf_MFB-321-DR_512_Nh_merge.nd2,20211209_163815_496/Well04@211209FLa_2719d_5dpf_MFB-321-DR_512_Nh_merge.nd2,20211209_163815_496/Well05@211209FLa_2719e_5dpf_MFB-321-DR_512_Nh_merge.nd2,20211209_163815_496/Well06@211209FLa_2719f_5dpf_MFB-321-DR_512_Nh_merge.nd2,20211209_163815_496/Well07@211209FLa_2719g_5dpf_MFB-321-DR_512_Nh_merge.nd2,20211209_163815_496/Well08@211209FLa_2719h_5dpf_MFB-321-DR_512_Nh_merge.nd2,20211209_163815_496/Well09@211209FLa_2719i_5dpf_MFB-321-DR_512_Nh_merge.nd2,20211209_163815_496/Well10@211209FLa_2719j_5dpf_MFB-321-DR_512_Nh_merge.nd2,20211209_163815_496/Well11@211209FLa_2719k_5dpf_MFB-321-DR_512_Nh_merge.nd2,20211209_163815_496/Well12@211209FLa_2719l_5dpf_MFB-321-DR_512_Nh_merge.nd2,20211209_163815_496/Well13@211209FLa_2719m_5dpf_MFB-321-DR_512_Nh_merge.nd2,20211209_163815_496/Well14@211209FLa_2719n_5dpf_MFB-321-DR_512_Nh_merge.nd2,20211209_163815_496/Well15@211209FLa_2719o_5dpf_MFB-321-DR_512_Nh_merge.nd2,20211209_163815_496/Well16@211209FLa_2719p_5dpf_MFB-321-DR_512_Nh_merge.nd2,20211209_163815_496/Well17@211209FLa_2719q_5dpf_MFB-321-DR_512_Nh_merge.nd2,20211209_163815_496/Well18@211209FLa_2719r_5dpf_MFB-321-DR_512_Nh_merge.nd2,20211209_163815_496/Well19@211209FLa_2719s_5dpf_MFB-321-DR_512_Nh_merge.nd2,20211209_163815_496/Well20@211209FLa_2719t_5dpf_MFB-321-DR_512_Nh_merge.nd2,20211209_163815_496/Well21@211209FLa_2719u_5dpf_MFB-321-DR_512_Nh_merge.nd2,20211209_163815_496/Well22@211209FLa_2719v_5dpf_MFB-321-DR_512_Nh_merge.nd2,20211209_163815_496/Well23@211209FLa_2719w_5dpf_MFB-321-DR_512_Nh_merge.nd2,20211209_163815_496/Well24@211209FLa_2719x_5dpf_MFB-321-DR_512_Nh_merge.nd2,20211209_163815_496/Well25@211209FLa_2719y_5dpf_MFB-321-DR_512_Nh_merge.nd2,20211209_163815_496/Well26@211209FLa_2719z_5dpf_MFB-321-DR_512_Nh_merge.nd2,20211209_163815_496/Well27@211209FLa_2719a{_5dpf_MFB-321-DR_512_Nh_merge.nd2,20211209_163815_496/Well28@211209FLa_2719ab_5dpf_MFB-321-DR_512_Nh_merge.nd2,20211209_163815_496/Well29@211209FLa_2719ac_5dpf_MFB-321-DR_512_Nh_merge.nd2,20211209_163815_496/Well30@211209FLa_2719ad_5dpf_MFB-321-DR_512_Nh_merge.nd2,20211209_163815_496/Well31@211209FLa_2719ae_5dpf_MFB-321-DR_512_Nh_merge.nd2,20211209_163815_496/Well32@211209FLa_2719af_5dpf_MFB-321-DR_512_Nh_merge.nd2,20211209_163815_496/Well33@211209FLa_2719ag_5dpf_MFB-321-DR_512_Nh_merge.nd2,20211209_163815_496/Well34@211209FLa_2719ah_5dpf_MFB-321-DR_512_Nh_merge.nd2,20211209_163815_496/Well35@211209FLa_2719ai_5dpf_MFB-321-DR_512_Nh_merge.nd2,20211209_163815_496/Well36@211209FLa_2719aj_5dpf_MFB-321-DR_512_Nh_merge.nd2,20211209_163815_496/Well37@211209FLa_2719ak_5dpf_MFB-321-DR_512_Nh_merge.nd2,20211209_163815_496/Well38@211209FLa_2720a_5dpf_MFB-321-DR_512_Nh_merge.nd2,20211209_163815_496/Well39@211209FLa_2720b_5dpf_MFB-321-DR_512_Nh_merge.nd2,20211209_163815_496/Well40@211209FLa_2720c_5dpf_MFB-321-DR_512_Nh_merge.nd2,20211209_163815_496/Well41@211209FLa_2720d_5dpf_MFB-321-DR_512_Nh_merge.nd2,20211209_163815_496/Well42@211209FLa_2720e_5dpf_MFB-321-DR_512_Nh_merge.nd2,20211209_163815_496/Well43@211209FLa_2720f_5dpf_MFB-321-DR_512_Nh_merge.nd2,20211209_163815_496/Well44@211209FLa_2720g_5dpf_MFB-321-DR_512_Nh_merge.nd2,20211209_163815_496/Well45@211209FLa_2720h_5dpf_MFB-321-DR_512_Nh_merge.nd2,20211209_163815_496/Well46@211209FLa_2720i_5dpf_MFB-321-DR_512_Nh_merge.nd2,20211209_163815_496/Well47@211209FLa_2720j_5dpf_MFB-321-DR_512_Nh_merge.nd2,20211209_163815_496/Well48@211209FLa_2720k_5dpf_MFB-321-DR_512_Nh_merge.nd2,20211209_163815_496/Well49@211209FLa_2720l_5dpf_MFB-321-DR_512_Nh_merge.nd2,20211209_163815_496/Well50@211209FLa_2720m_5dpf_MFB-321-DR_512_Nh_merge.nd2,20211209_163815_496/Well51@211209FLa_2720n_5dpf_MFB-321-DR_512_Nh_merge.nd2,20211209_163815_496/Well52@211209FLa_2720o_5dpf_MFB-321-DR_512_Nh_merge.nd2,20211209_163815_496/Well53@211209FLa_2720p_5dpf_MFB-321-DR_512_Nh_merge.nd2,20211209_163815_496/Well54@211209FLa_2720q_5dpf_MFB-321-DR_512_Nh_merge.nd2,20211209_163815_496/Well55@211209FLa_2720r_5dpf_MFB-321-DR_512_Nh_merge.nd2,20211209_163815_496/Well56@211209FLa_2720s_5dpf_MFB-321-DR_512_Nh_merge.nd2,20211209_163815_496/Well57@211209FLa_2720t_5dpf_MFB-321-DR_512_Nh_merge.nd2,20211209_163815_496/Well58@211209FLa_2720u_5dpf_MFB-321-DR_512_Nh_merge.nd2,20211209_163815_496/Well59@211209FLa_2720v_5dpf_MFB-321-DR_512_Nh_merge.nd2,20211209_163815_496/Well60@211209FLa_2720w_5dpf_MFB-321-DR_512_Nh_merge.nd2,20211209_163815_496/Well61@211209FLa_2720x_5dpf_MFB-321-DR_512_Nh_merge.nd2,20211209_163815_496/Well62@211209FLa_2720y_5dpf_MFB-321-DR_512_Nh_merge.nd2,20211209_163815_496/Well63@211209FLa_2720z_5dpf_MFB-321-DR_512_Nh_merge.nd2,20211209_163815_496/Well64@211209FLa_2720a{_5dpf_MFB-321-DR_512_Nh_merge.nd2,20211209_163815_496/Well65@211209FLa_2720ab_5dpf_MFB-321-DR_512_Nh_merge.nd2,20211209_163815_496/Well66@211209FLa_2720ac_5dpf_MFB-321-DR_512_Nh_merge.nd2,20211209_163815_496/Well67@211209FLa_2720ad_5dpf_MFB-321-DR_512_Nh_merge.nd2,,,,,,,,,,,,,,,,,,,,,,,,,,,,,
220520-A,20220524_091650_522,20220524_091650_522/Well01@220524ABa_2820a_5dpf_AJ-110-DR_512_Nh_merge.nd2,20220524_091650_522/Well02@220524ABa_2820b_5dpf_AJ-110-DR_512_Nh_merge.nd2,20220524_091650_522/Well03@220524ABa_2820c_5dpf_AJ-110-DR_512_Nh_merge.nd2,20220524_091650_522/Well04@220524ABa_2820d_5dpf_AJ-110-DR_512_Nh_merge.nd2,20220524_091650_522/Well05@220524ABa_2820e_5dpf_AJ-110-DR_512_Nh_merge.nd2,20220524_091650_522/Well06@220524ABa_2820f_5dpf_AJ-110-DR_512_Nh_merge.nd2,20220524_091650_522/Well07@220524ABa_2820g_5dpf_AJ-110-DR_512_Nh_merge.nd2,20220524_091650_522/Well08@220524ABa_2820h_5dpf_AJ-110-DR_512_Nh_merge.nd2,20220524_091650_522/Well09@220524ABa_2820i_5dpf_AJ-110-DR_512_Nh_merge.nd2,20220524_091650_522/Well10@220524ABa_2820j_5dpf_AJ-110-DR_512_Nh_merge.nd2,20220524_091650_522/Well11@220524ABa_2820k_5dpf_AJ-110-DR_512_Nh_merge.nd2,20220524_091650_522/Well12@220524ABa_2820l_5dpf_AJ-110-DR_512_Nh_merge.nd2,,,,,,,,,,,,,,,,,,,,,,,,,,,,,,,,,,,,,,,,,,,,,,,,,,,,,,,,,,,,,,,,,,,,,,,,,,,,,,,,,,,,
220530-A,20220601_155641_897,20220601_155641_897/Well01@220601ABa_2822a_5dpf_AJ-110-DR_1024_Nh_merge.nd2,20220601_155641_897/Well02@220601ABa_2822b_5dpf_AJ-110-DR_1024_Nh_merge.nd2,20220601_155641_897/Well03@220601ABa_2822c_5dpf_AJ-110-DR_1024_Nh_merge.nd2,20220601_155641_897/Well04@220601ABa_2822d_5dpf_AJ-110-DR_1024_Nh_merge.nd2,20220601_155641_897/Well05@220601ABa_2822e_5dpf_AJ-110-DR_1024_Nh_merge.nd2,20220601_155641_897/Well06@220601ABa_2822f_5dpf_AJ-110-DR_1024_Nh_merge.nd2,20220601_155641_897/Well07@220601ABa_2822g_5dpf_AJ-110-DR_1024_Nh_merge.nd2,20220601_155641_897/Well08@220601ABa_2822h_5dpf_AJ-110-DR_1024_Nh_merge.nd2,20220601_155641_897/Well09@220601ABa_2822i_5dpf_AJ-110-DR_1024_Nh_merge.nd2,20220601_155641_897/Well10@220601ABa_2822j_5dpf_AJ-110-DR_1024_Nh_merge.nd2,20220601_155641_897/Well11@220601ABa_2822k_5dpf_AJ-110-DR_1024_Nh_merge.nd2,20220601_155641_897/Well12@220601ABa_2822l_5dpf_AJ-110-DR_1024_Nh_merge.nd2,,,,,,,,,,,,,,,,,,,,,,,,,,,,,,,,,,,,,,,,,,,,,,,,,,,,,,,,,,,,,,,,,,,,,,,,,,,,,,,,,,,,
220629-A,20220630_161559_439,20220630_161559_439/Well01@220630MSa_2830a_4dpf_F61-353-DR_256_Nh_merge.nd2,20220630_161559_439/Well02@220630MSa_2830b_4dpf_F61-353-DR_256_Nh_merge.nd2,20220630_161559_439/Well03@220630MSa_2830c_4dpf_F61-353-DR_256_Nh_merge.nd2,20220630_161559_439/Well04@220630MSa_2830d_4dpf_F61-353-DR_256_Nh_merge.nd2,20220630_161559_439/Well05@220630MSa_2830e_4dpf_F61-353-DR_256_Nh_merge.nd2,20220630_161559_439/Well06@220630MSa_2830f_4dpf_F61-353-DR_256_Nh_merge.nd2,20220630_161559_439/Well07@220630MSa_2830g_4dpf_F61-353-DR_256_Nh_merge.nd2,20220630_161559_439/Well08@220630MSa_2830h_4dpf_F61-353-DR_256_Nh_merge.nd2,20220630_161559_439/Well09@220630MSa_2830i_4dpf_F61-353-DR_256_Nh_merge.nd2,20220630_161559_439/Well10@220630MSa_2830j_4dpf_F61-353-DR_256_Nh_merge.nd2,,,20220630_161559_439/Well13@220630MSa_2831a_4dpf_F61-353-DR_256_Nh_merge.nd2,20220630_161559_439/Well14@220630MSa_2831b_4dpf_F61-353-DR_256_Nh_merge.nd2,20220630_161559_439/Well15@220630MSa_2831c_4dpf_F61-353-DR_256_Nh_merge.nd2,20220630_161559_439/Well16@220630MSa_2831d_4dpf_F61-353-DR_256_Nh_merge.nd2,20220630_161559_439/Well17@220630MSa_2831e_4dpf_F61-353-DR_256_Nh_merge.nd2,20220630_161559_439/Well18@220630MSa_2831f_4dpf_F61-353-DR_256_Nh_merge.nd2,20220630_161559_439/Well19@220630MSa_2831g_4dpf_F61-353-DR_256_Nh_merge.nd2,20220630_161559_439/Well20@220630MSa_2831h_4dpf_F61-353-DR_256_Nh_merge.nd2,20220630_161559_439/Well21@220630MSa_2831i_4dpf_F61-353-DR_256_Nh_merge.nd2,20220630_161559_439/Well22@220630MSa_2831j_4dpf_F61-353-DR_256_Nh_merge.nd2,,,20220630_161559_439/Well25@220630MSa_2832a_4dpf_F61-353-DR_256_Nh_merge.nd2,20220630_161559_439/Well26@220630MSa_2832b_4dpf_F61-353-DR_256_Nh_merge.nd2,20220630_161559_439/Well27@220630MSa_2832c_4dpf_F61-353-DR_256_Nh_merge.nd2,20220630_161559_439/Well28@220630MSa_2832d_4dpf_F61-353-DR_256_Nh_merge.nd2,20220630_161559_439/Well29@220630MSa_2832e_4dpf_F61-353-DR_256_Nh_merge.nd2,20220630_161559_439/Well30@220630MSa_2832f_4dpf_F61-353-DR_256_Nh_merge.nd2,20220630_161559_439/Well31@220630MSa_2832g_4dpf_F61-353-DR_256_Nh_merge.nd2,20220630_161559_439/Well32@220630MSa_2832h_4dpf_F61-353-DR_256_Nh_merge.nd2,20220630_161559_439/Well33@220630MSa_2832i_4dpf_F61-353-DR_256_Nh_merge.nd2,20220630_161559_439/Well34@220630MSa_2832j_4dpf_F61-353-DR_256_Nh_merge.nd2,,,20220630_161559_439/Well37@220630MSa_2833a_4dpf_F61-353-DR_256_Nh_merge.nd2,20220630_161559_439/Well38@220630MSa_2833b_4dpf_F61-353-DR_256_Nh_merge.nd2,20220630_161559_439/Well39@220630MSa_2833c_4dpf_F61-353-DR_256_Nh_merge.nd2,20220630_161559_439/Well40@220630MSa_2833d_4dpf_F61-353-DR_256_Nh_merge.nd2,20220630_161559_439/Well41@220630MSa_2833e_4dpf_F61-353-DR_256_Nh_merge.nd2,20220630_161559_439/Well42@220630MSa_2833f_4dpf_F61-353-DR_256_Nh_merge.nd2,20220630_161559_439/Well43@220630MSa_2833g_4dpf_F61-353-DR_256_Nh_merge.nd2,20220630_161559_439/Well44@220630MSa_2833h_4dpf_F61-353-DR_256_Nh_merge.nd2,20220630_161559_439/Well45@220630MSa_2833i_4dpf_F61-353-DR_256_Nh_merge.nd2,20220630_161559_439/Well46@220630MSa_2833j_4dpf_F61-353-DR_256_Nh_merge.nd2,,,20220630_161559_439/Well49@220630MSa_2834a_4dpf_F61-353-DR_256_Nh_merge.nd2,20220630_161559_439/Well50@220630MSa_2834b_4dpf_F61-353-DR_256_Nh_merge.nd2,20220630_161559_439/Well51@220630MSa_2834c_4dpf_F61-353-DR_256_Nh_merge.nd2,20220630_161559_439/Well52@220630MSa_2834d_4dpf_F61-353-DR_256_Nh_merge.nd2,20220630_161559_439/Well53@220630MSa_2834e_4dpf_F61-353-DR_256_Nh_merge.nd2,20220630_161559_439/Well54@220630MSa_2834f_4dpf_F61-353-DR_256_Nh_merge.nd2,20220630_161559_439/Well55@220630MSa_2834g_4dpf_F61-353-DR_256_Nh_merge.nd2,20220630_161559_439/Well56@220630MSa_2834h_4dpf_F61-353-DR_256_Nh_merge.nd2,20220630_161559_439/Well57@220630MSa_2834i_4dpf_F61-353-DR_256_Nh_merge.nd2,20220630_161559_439/Well58@220630MSa_2834j_4dpf_F61-353-DR_256_Nh_merge.nd2,,,20220630_161559_439/Well61@220630MSa_2835a_4dpf_F61-353-DR_256_Nh_merge.nd2,20220630_161559_439/Well62@220630MSa_2835b_4dpf_F61-353-DR_256_Nh_merge.nd2,20220630_161559_439/Well63@220630MSa_2835c_4dpf_F61-353-DR_256_Nh_merge.nd2,20220630_161559_439/Well64@220630MSa_2835d_4dpf_F61-353-DR_256_Nh_merge.nd2,20220630_161559_439/Well65@220630MSa_2835e_4dpf_F61-353-DR_256_Nh_merge.nd2,20220630_161559_439/Well66@220630MSa_2835f_4dpf_F61-353-DR_256_Nh_merge.nd2,20220630_161559_439/Well67@220630MSa_2835g_4dpf_F61-353-DR_256_Nh_merge.nd2,20220630_161559_439/Well68@220630MSa_2835h_4dpf_F61-353-DR_256_Nh_merge.nd2,20220630_161559_439/Well69@220630MSa_2835i_4dpf_F61-353-DR_256_Nh_merge.nd2,20220630_161559_439/Well70@220630MSa_2835j_4dpf_F61-353-DR_256_Nh_merge.nd2,,,20220630_161559_439/Well73@220630MSa_2836a_4dpf_F61-353-DR_256_Nh_merge.nd2,20220630_161559_439/Well74@220630MSa_2836b_4dpf_F61-353-DR_256_Nh_merge.nd2,20220630_161559_439/Well75@220630MSa_2836c_4dpf_F61-353-DR_256_Nh_merge.nd2,20220630_161559_439/Well76@220630MSa_2836d_4dpf_F61-353-DR_256_Nh_merge.nd2,20220630_161559_439/Well77@220630MSa_2836e_4dpf_F61-353-DR_256_Nh_merge.nd2,20220630_161559_439/Well78@220630MSa_2836f_4dpf_F61-353-DR_256_Nh_merge.nd2,20220630_161559_439/Well79@220630MSa_2836g_4dpf_F61-353-DR_256_Nh_merge.nd2,20220630_161559_439/Well80@220630MSa_2836h_4dpf_F61-353-DR_256_Nh_merge.nd2,20220630_161559_439/Well81@220630MSa_2836i_4dpf_F61-353-DR_256_Nh_merge.nd2,20220630_161559_439/Well82@220630MSa_2836j_4dpf_F61-353-DR_256_Nh_merge.nd2,,,20220630_161559_439/Well85@220630MSa_2837a_4dpf_F61-353-DR_256_Nh_merge.nd2,20220630_161559_439/Well86@220630MSa_2837b_4dpf_F61-353-DR_256_Nh_merge.nd2,20220630_161559_439/Well87@220630MSa_2837c_4dpf_F61-353-DR_256_Nh_merge.nd2,20220630_161559_439/Well88@220630MSa_2837d_4dpf_F61-353-DR_256_Nh_merge.nd2,20220630_161559_439/Well89@220630MSa_2837e_4dpf_F61-353-DR_256_Nh_merge.nd2,20220630_161559_439/Well90@220630MSa_2837f_4dpf_F61-353-DR_256_Nh_merge.nd2,20220630_161559_439/Well91@220630MSa_2837g_4dpf_F61-353-DR_256_Nh_merge.nd2,20220630_161559_439/Well92@220630MSa_2837h_4dpf_F61-353-DR_256_Nh_merge.nd2,20220630_161559_439/Well93@220630MSa_2837i_4dpf_F61-353-DR_256_Nh_merge.nd2,20220630_161559_439/Well94@220630MSa_2837j_4dpf_F61-353-DR_256_Nh_merge.nd2,,
220704-A,20220705_134246_599,20220705_134246_599/Well01@220705MSa_2835k_4dpf_F61-353-DR_256_Nh_merge.nd2,20220705_134246_599/Well02@220705MSa_2835l_4dpf_F61-353-DR_256_Nh_merge.nd2,20220705_134246_599/Well03@220705MSa_2835m_4dpf_F61-353-DR_256_Nh_merge.nd2,20220705_134246_599/Well04@220705MSa_2835n_4dpf_F61-353-DR_256_Nh_merge.nd2,20220705_134246_599/Well05@220705MSa_2835o_4dpf_F61-353-DR_256_Nh_merge.nd2,20220705_134246_599/Well06@220705MSa_2835p_4dpf_F61-353-DR_256_Nh_merge.nd2,20220705_134246_599/Well07@220705MSa_2835q_4dpf_F61-353-DR_256_Nh_merge.nd2,20220705_134246_599/Well08@220705MSa_2835r_4dpf_F61-353-DR_256_Nh_merge.nd2,,,,,20220705_134246_599/Well13@220705MSa_2833k_4dpf_F61-353-DR_256_Nh_merge.nd2,20220705_134246_599/Well14@220705MSa_2833l_4dpf_F61-353-DR_256_Nh_merge.nd2,20220705_134246_599/Well15@220705MSa_2833m_4dpf_F61-353-DR_256_Nh_merge.nd2,20220705_134246_599/Well16@220705MSa_2833n_4dpf_F61-353-DR_256_Nh_merge.nd2,,,,,,,,,20220705_134246_599/Well25@220705MSa_2836k_4dpf_F61-353-DR_256_Nh_merge.nd2,20220705_134246_599/Well26@220705MSa_2836l_4dpf_F61-353-DR_256_Nh_merge.nd2,20220705_134246_599/Well27@220705MSa_2836m_4dpf_F61-353-DR_256_Nh_merge.nd2,20220705_134246_599/Well28@220705MSa_2836n_4dpf_F61-353-DR_256_Nh_merge.nd2,20220705_134246_599/Well29@220705MSa_2836o_4dpf_F61-353-DR_256_Nh_merge.nd2,20220705_134246_599/Well30@220705MSa_2836p_4dpf_F61-353-DR_256_Nh_merge.nd2,20220705_134246_599/Well31@220705MSa_2836q_4dpf_F61-353-DR_256_Nh_merge.nd2,20220705_134246_599/Well32@220705MSa_2836r_4dpf_F61-353-DR_256_Nh_merge.nd2,20220705_134246_599/Well33@220705MSa_2836s_4dpf_F61-353-DR_256_Nh_merge.nd2,,,,20220705_134246_599/Well37@220705MSa_2831k_4dpf_F61-353-DR_256_Nh_merge.nd2,20220705_134246_599/Well38@220705MSa_2831l_4dpf_F61-353-DR_256_Nh_merge.nd2,20220705_134246_599/Well39@220705MSa_2831m_4dpf_F61-353-DR_256_Nh_merge.nd2,20220705_134246_599/Well40@220705MSa_2831n_4dpf_F61-353-DR_256_Nh_merge.nd2,20220705_134246_599/Well41@220705MSa_2831o_4dpf_F61-353-DR_256_Nh_merge.nd2,20220705_134246_599/Well42@220705MSa_2831p_4dpf_F61-353-DR_256_Nh_merge.nd2,,,,,,,20220705_134246_599/Well49@220705MSa_2837k_4dpf_F61-353-DR_256_Nh_merge.nd2,20220705_134246_599/Well50@220705MSa_2837l_4dpf_F61-353-DR_256_Nh_merge.nd2,20220705_134246_599/Well51@220705MSa_2837m_4dpf_F61-353-DR_256_Nh_merge.nd2,20220705_134246_599/Well52@220705MSa_2837n_4dpf_F61-353-DR_256_Nh_merge.nd2,20220705_134246_599/Well53@220705MSa_2837o_4dpf_F61-353-DR_256_Nh_merge.nd2,20220705_134246_599/Well54@220705MSa_2837p_4dpf_F61-353-DR_256_Nh_merge.nd2,20220705_134246_599/Well55@220705MSa_2837q_4dpf_F61-353-DR_256_Nh_merge.nd2,,,,,,20220705_134246_599/Well61@220705MSa_2830k_4dpf_F61-353-DR_256_Nh_merge.nd2,20220705_134246_599/Well62@220705MSa_2830l_4dpf_F61-353-DR_256_Nh_merge.nd2,20220705_134246_599/Well63@220705MSa_2830m_4dpf_F61-353-DR_256_Nh_merge.nd2,,,,,,,,,,20220705_134246_599/Well73@220705MSa_2834k_4dpf_F61-353-DR_256_Nh_merge.nd2,20220705_134246_599/Well74@220705MSa_2834l_4dpf_F61-353-DR_256_Nh_merge.nd2,20220705_134246_599/Well75@220705MSa_2834m_4dpf_F61-353-DR_256_Nh_merge.nd2,20220705_134246_599/Well76@220705MSa_2834n_4dpf_F61-353-DR_256_Nh_merge.nd2,20220705_134246_599/Well77@220705MSa_2834o_4dpf_F61-353-DR_256_Nh_merge.nd2,20220705_134246_599/Well78@220705MSa_2834p_4dpf_F61-353-DR_256_Nh_merge.nd2,20220705_134246_599/Well79@220705MSa_2834q_4dpf_F61-353-DR_256_Nh_merge.nd2,20220705_134246_599/Well80@220705MSa_2834r_4dpf_F61-353-DR_256_Nh_merge.nd2,,,,,20220705_134246_599/Well85@220705MSa_2832k_4dpf_F61-353-DR_256_Nh_merge.nd2,20220705_134246_599/Well86@220705MSa_2832l_4dpf_F61-353-DR_256_Nh_merge.nd2,20220705_134246_599/Well87@220705MSa_2832m_4dpf_F61-353-DR_256_Nh_merge.nd2,20220705_134246_599/Well88@220705MSa_2832n_4dpf_F61-353-DR_256_Nh_merge.nd2,20220705_134246_599/Well89@220705MSa_2832o_4dpf_F61-353-DR_256_Nh_merge.nd2,,,,,,,
220720-A,20220721_140337_230,20220721_140337_230/Well01@220721ABa_2856a_5dpf_AJ-110-DR_1024_Nh_merge.nd2,20220721_140337_230/Well02@220721ABa_2856b_5dpf_AJ-110-DR_1024_Nh_merge.nd2,20220721_140337_230/Well03@220721ABa_2856c_5dpf_AJ-110-DR_1024_Nh_merge.nd2,20220721_140337_230/Well04@220721ABa_2856d_5dpf_AJ-110-DR_1024_Nh_merge.nd2,20220721_140337_230/Well05@220721ABa_2856e_5dpf_AJ-110-DR_1024_Nh_merge.nd2,20220721_140337_230/Well06@220721ABa_2856f_5dpf_AJ-110-DR_1024_Nh_merge.nd2,20220721_140337_230/Well07@220721ABa_2856g_5dpf_AJ-110-DR_1024_Nh_merge.nd2,20220721_140337_230/Well08@220721ABa_2856h_5dpf_AJ-110-DR_1024_Nh_merge.nd2,20220721_140337_230/Well09@220721ABa_2856i_5dpf_AJ-110-DR_1024_Nh_merge.nd2,20220721_140337_230/Well10@220721ABa_2856j_5dpf_AJ-110-DR_1024_Nh_merge.nd2,20220721_140337_230/Well11@220721ABa_2856k_5dpf_AJ-110-DR_1024_Nh_merge.nd2,20220721_140337_230/Well12@220721ABa_2856l_5dpf_AJ-110-DR_1024_Nh_merge.nd2,,,,,,,,,,,,,,,,,,,,,,,,,,,,,,,,,,,,,,,,,,,,,,,,,,,,,,,,,,,,,,,,,,,,,,,,,,,,,,,,,,,,
220503-A,20220607_144500_272,20220607_144500_272/Well01@220607MSa_2819a_5dpf_AJ-110-DR_1024_Nh_merge.nd2,20220607_144500_272/Well02@220607MSa_2819b_5dpf_AJ-110-DR_1024_Nh_merge.nd2,20220607_144500_272/Well03@220607MSa_2819c_5dpf_AJ-110-DR_1024_Nh_merge.nd2,20220607_144500_272/Well04@220607MSa_2819d_5dpf_AJ-110-DR_1024_Nh_merge.nd2,20220607_144500_272/Well05@220607MSa_2819e_5dpf_AJ-110-DR_1024_Nh_merge.nd2,20220607_144500_272/Well06@220607MSa_2819f_5dpf_AJ-110-DR_1024_Nh_merge.nd2,20220607_144500_272/Well07@220607MSa_2819g_5dpf_AJ-110-DR_1024_Nh_merge.nd2,20220607_144500_272/Well08@220607MSa_2819h_5dpf_AJ-110-DR_1024_Nh_merge.nd2,20220607_144500_272/Well09@220607MSa_2819i_5dpf_AJ-110-DR_1024_Nh_merge.nd2,20220607_144500_272/Well10@220607MSa_2819j_5dpf_AJ-110-DR_1024_Nh_merge.nd2,20220607_144500_272/Well11@220607MSa_2819k_5dpf_AJ-110-DR_1024_Nh_merge.nd2,20220607_144500_272/Well12@220607MSa_2819l_5dpf_AJ-110-DR_1024_Nh_merge.nd2,,,,,,,,,,,,,,,,,,,,,,,,,,,,,,,,,,,,,,,,,,,,,,,,,,,,,,,,,,,,,,,,,,,,,,,,,,,,,,,,,,,,
220411-A,20220412_160141_475,20220412_160141_475/Well01@220412MSa_2804a_5dpf_AJ-110-DR_1024_Nh_merge.nd2,20220412_160141_475/Well02@220412MSa_2804b_5dpf_AJ-110-DR_1024_Nh_merge.nd2,20220412_160141_475/Well03@220412MSa_2804c_5dpf_AJ-110-DR_1024_Nh_merge.nd2,20220412_160141_475/Well04@220412MSa_2804d_5dpf_AJ-110-DR_1024_Nh_merge.nd2,20220412_160141_475/Well05@220412MSa_2804e_5dpf_AJ-110-DR_1024_Nh_merge.nd2,20220412_160141_475/Well06@220412MSa_2804f_5dpf_AJ-110-DR_1024_Nh_merge.nd2,20220412_160141_475/Well07@220412MSa_2804g_5dpf_AJ-110-DR_1024_Nh_merge.nd2,20220412_160141_475/Well08@220412MSa_2804h_5dpf_AJ-110-DR_1024_Nh_merge.nd2,20220412_160141_475/Well09@220412MSa_2804i_5dpf_AJ-110-DR_1024_Nh_merge.nd2,20220412_160141_475/Well10@220412MSa_2804j_5dpf_AJ-110-DR_1024_Nh_merge.nd2,20220412_160141_475/Well11@220412MSa_2804k_5dpf_AJ-110-DR_1024_Nh_merge.nd2,20220412_160141_475/Well12@220412MSa_2804l_5dpf_AJ-110-DR_1024_Nh_merge.nd2,,,,,,,,,,,,,,,,,,,,,,,,,,,,,,,,,,,,,,,,,,,,,,,,,,,,,,,,,,,,,,,,,,,,,,,,,,,,,,,,,,,,
220706-A,20220707_110322_600,20220707_110322_600/Well01@220707MSa_2829a_5dpf_PC-354-DR_1024_Nh_merge.nd2,20220707_110322_600/Well02@220707MSa_2829b_5dpf_PC-354-DR_1024_Nh_merge.nd2,20220707_110322_600/Well03@220707MSa_2829c_5dpf_PC-354-DR_1024_Nh_merge.nd2,20220707_110322_600/Well04@220707MSa_2829d_5dpf_PC-354-DR_1024_Nh_merge.nd2,20220707_110322_600/Well05@220707MSa_2829e_5dpf_PC-354-DR_1024_Nh_merge.nd2,20220707_110322_600/Well06@220707MSa_2829f_5dpf_PC-354-DR_1024_Nh_merge.nd2,20220707_110322_600/Well07@220707MSa_2829g_5dpf_PC-354-DR_1024_Nh_merge.nd2,20220707_110322_600/Well08@220707MSa_2829h_5dpf_PC-354-DR_1024_Nh_merge.nd2,20220707_110322_600/Well09@220707MSa_2829i_5dpf_PC-354-DR_1024_Nh_merge.nd2,,,20220707_110322_600/Well12@220707MSa_2829j_5dpf_PC-354-DR_1024_Nh_merge.nd2,,,,,,,,,,,,,,,,,,,,,,,,,,,,,,,,,,,,,,,,,,,,,,,,,,,,,,,,,,,,,,,,,,,,,,,,,,,,,,,,,,,,
220315-A,20220318_104741_675,20220318_104741_675/Well01@220318MSa_2790a_5dpf_AJ-110-DR_1024_Nh_merge.nd2,20220318_104741_675/Well02@220318MSa_2790b_5dpf_AJ-110-DR_1024_Nh_merge.nd2,20220318_104741_675/Well03@220318MSa_2790c_5dpf_AJ-110-DR_1024_Nh_merge.nd2,20220318_104741_675/Well04@220318MSa_2790d_5dpf_AJ-110-DR_1024_Nh_merge.nd2,20220318_104741_675/Well05@220318MSa_2790e_5dpf_AJ-110-DR_1024_Nh_merge.nd2,20220318_104741_675/Well06@220318MSa_2790f_5dpf_AJ-110-DR_1024_Nh_merge.nd2,20220318_104741_675/Well07@220318MSa_2790g_5dpf_AJ-110-DR_1024_Nh_merge.nd2,20220318_104741_675/Well08@220318MSa_2790h_5dpf_AJ-110-DR_1024_Nh_merge.nd2,20220318_104741_675/Well09@220318MSa_2790i_5dpf_AJ-110-DR_1024_Nh_merge.nd2,20220318_104741_675/Well10@220318MSa_2790j_5dpf_AJ-110-DR_1024_Nh_merge.nd2,20220318_104741_675/Well11@220318MSa_2790k_5dpf_AJ-110-DR_1024_Nh_merge.nd2,20220318_104741_675/Well12@220318MSa_2790l_5dpf_AJ-110-DR_1024_Nh_merge.nd2,20220318_104741_675/Well13@220318MSa_2791a_5dpf_AJ-110-DR_1024_Nh_merge.nd2,20220318_104741_675/Well14@220318MSa_2791b_5dpf_AJ-110-DR_1024_Nh_merge.nd2,20220318_104741_675/Well15@220318MSa_2791c_5dpf_AJ-110-DR_1024_Nh_merge.nd2,20220318_104741_675/Well16@220318MSa_2791d_5dpf_AJ-110-DR_1024_Nh_merge.nd2,20220318_104741_675/Well17@220318MSa_2791e_5dpf_AJ-110-DR_1024_Nh_merge.nd2,20220318_104741_675/Well18@220318MSa_2791f_5dpf_AJ-110-DR_1024_Nh_merge.nd2,20220318_104741_675/Well19@220318MSa_2791g_5dpf_AJ-110-DR_1024_Nh_merge.nd2,20220318_104741_675/Well20@220318MSa_2791h_5dpf_AJ-110-DR_1024_Nh_merge.nd2,20220318_104741_675/Well21@220318MSa_2791i_5dpf_AJ-110-DR_1024_Nh_merge.nd2,20220318_104741_675/Well22@220318MSa_2791j_5dpf_AJ-110-DR_1024_Nh_merge.nd2,20220318_104741_675/Well23@220318MSa_2791k_5dpf_AJ-110-DR_1024_Nh_merge.nd2,20220318_104741_675/Well24@220318MSa_2791l_5dpf_AJ-110-DR_1024_Nh_merge.nd2,20220318_104741_675/Well25@220318MSa_2792a_5dpf_AJ-110-DR_1024_Nh_merge.nd2,20220318_104741_675/Well26@220318MSa_2792b_5dpf_AJ-110-DR_1024_Nh_merge.nd2,20220318_104741_675/Well27@220318MSa_2792c_5dpf_AJ-110-DR_1024_Nh_merge.nd2,20220318_104741_675/Well28@220318MSa_2792d_5dpf_AJ-110-DR_1024_Nh_merge.nd2,20220318_104741_675/Well29@220318MSa_2792e_5dpf_AJ-110-DR_1024_Nh_merge.nd2,20220318_104741_675/Well30@220318MSa_2792f_5dpf_AJ-110-DR_1024_Nh_merge.nd2,20220318_104741_675/Well31@220318MSa_2792g_5dpf_AJ-110-DR_1024_Nh_merge.nd2,20220318_104741_675/Well32@220318MSa_2792h_5dpf_AJ-110-DR_1024_Nh_merge.nd2,20220318_104741_675/Well33@220318MSa_2792i_5dpf_AJ-110-DR_1024_Nh_merge.nd2,20220318_104741_675/Well34@220318MSa_2792j_5dpf_AJ-110-DR_1024_Nh_merge.nd2,20220318_104741_675/Well35@220318MSa_2792k_5dpf_AJ-110-DR_1024_Nh_merge.nd2,20220318_104741_675/Well36@220318MSa_2792l_5dpf_AJ-110-DR_1024_Nh_merge.nd2,,,,,,,,,,,,,,,,,,,,,,,,,,,,,,,,,,,,,,,,,,,,,,,,,,,,,,,,,,,,
220315-A,20220317_110200_049,20220317_110200_049/Well01@220317MSa_2790a_5dpf_AJ-110-DR_1024_Nh_merge.nd2,20220317_110200_049/Well02@220317MSa_2790b_5dpf_AJ-110-DR_1024_Nh_merge.nd2,20220317_110200_049/Well03@220317MSa_2790c_5dpf_AJ-110-DR_1024_Nh_merge.nd2,20220317_110200_049/Well04@220317MSa_2790d_5dpf_AJ-110-DR_1024_Nh_merge.nd2,20220317_110200_049/Well05@220317MSa_2790e_5dpf_AJ-110-DR_1024_Nh_merge.nd2,20220317_110200_049/Well06@220317MSa_2790f_5dpf_AJ-110-DR_1024_Nh_merge.nd2,20220317_110200_049/Well07@220317MSa_2790g_5dpf_AJ-110-DR_1024_Nh_merge.nd2,20220317_110200_049/Well08@220317MSa_2790h_5dpf_AJ-110-DR_1024_Nh_merge.nd2,20220317_110200_049/Well09@220317MSa_2790i_5dpf_AJ-110-DR_1024_Nh_merge.nd2,20220317_110200_049/Well10@220317MSa_2790j_5dpf_AJ-110-DR_1024_Nh_merge.nd2,20220317_110200_049/Well11@220317MSa_2790k_5dpf_AJ-110-DR_1024_Nh_merge.nd2,20220317_110200_049/Well12@220317MSa_2790l_5dpf_AJ-110-DR_1024_Nh_merge.nd2,20220317_110200_049/Well13@220317MSa_2791a_5dpf_AJ-110-DR_1024_Nh_merge.nd2,20220317_110200_049/Well14@220317MSa_2791b_5dpf_AJ-110-DR_1024_Nh_merge.nd2,20220317_110200_049/Well15@220317MSa_2791c_5dpf_AJ-110-DR_1024_Nh_merge.nd2,20220317_110200_049/Well16@220317MSa_2791d_5dpf_AJ-110-DR_1024_Nh_merge.nd2,20220317_110200_049/Well17@220317MSa_2791e_5dpf_AJ-110-DR_1024_Nh_merge.nd2,20220317_110200_049/Well18@220317MSa_2791f_5dpf_AJ-110-DR_1024_Nh_merge.nd2,20220317_110200_049/Well19@220317MSa_2791g_5dpf_AJ-110-DR_1024_Nh_merge.nd2,20220317_110200_049/Well20@220317MSa_2791h_5dpf_AJ-110-DR_1024_Nh_merge.nd2,20220317_110200_049/Well21@220317MSa_2791i_5dpf_AJ-110-DR_1024_Nh_merge.nd2,20220317_110200_049/Well22@220317MSa_2791j_5dpf_AJ-110-DR_1024_Nh_merge.nd2,20220317_110200_049/Well23@220317MSa_2791k_5dpf_AJ-110-DR_1024_Nh_merge.nd2,20220317_110200_049/Well24@220317MSa_2791l_5dpf_AJ-110-DR_1024_Nh_merge.nd2,20220317_110200_049/Well25@220317MSa_2792a_5dpf_AJ-110-DR_1024_Nh_merge.nd2,20220317_110200_049/Well26@220317MSa_2792b_5dpf_AJ-110-DR_1024_Nh_merge.nd2,20220317_110200_049/Well27@220317MSa_2792c_5dpf_AJ-110-DR_1024_Nh_merge.nd2,20220317_110200_049/Well28@220317MSa_2792d_5dpf_AJ-110-DR_1024_Nh_merge.nd2,20220317_110200_049/Well29@220317MSa_2792e_5dpf_AJ-110-DR_1024_Nh_merge.nd2,20220317_110200_049/Well30@220317MSa_2792f_5dpf_AJ-110-DR_1024_Nh_merge.nd2,20220317_110200_049/Well31@220317MSa_2792g_5dpf_AJ-110-DR_1024_Nh_merge.nd2,20220317_110200_049/Well32@220317MSa_2792h_5dpf_AJ-110-DR_1024_Nh_merge.nd2,20220317_110200_049/Well33@220317MSa_2792i_5dpf_AJ-110-DR_1024_Nh_merge.nd2,20220317_110200_049/Well34@220317MSa_2792j_5dpf_AJ-110-DR_1024_Nh_merge.nd2,20220317_110200_049/Well35@220317MSa_2792k_5dpf_AJ-110-DR_1024_Nh_merge.nd2,20220317_110200_049/Well36@220317MSa_2792l_5dpf_AJ-110-DR_1024_Nh_merge.nd2,,,,,,,,,,,,,,,,,,,,,,,,,,,,,,,,,,,,,,,,,,,,,,,,,,,,,,,,,,,,
220315-A,20220316_155400_842,20220316_155400_842/Well01@220316MSa_2790a_5dpf_AJ-110-DR_1024_Nh_merge.nd2,20220316_155400_842/Well02@220316MSa_2790b_5dpf_AJ-110-DR_1024_Nh_merge.nd2,20220316_155400_842/Well03@220316MSa_2790c_5dpf_AJ-110-DR_1024_Nh_merge.nd2,20220316_155400_842/Well04@220316MSa_2790d_5dpf_AJ-110-DR_1024_Nh_merge.nd2,20220316_155400_842/Well05@220316MSa_2790e_5dpf_AJ-110-DR_1024_Nh_merge.nd2,20220316_155400_842/Well06@220316MSa_2790f_5dpf_AJ-110-DR_1024_Nh_merge.nd2,20220316_155400_842/Well07@220316MSa_2790g_5dpf_AJ-110-DR_1024_Nh_merge.nd2,20220316_155400_842/Well08@220316MSa_2790h_5dpf_AJ-110-DR_1024_Nh_merge.nd2,20220316_155400_842/Well09@220316MSa_2790i_5dpf_AJ-110-DR_1024_Nh_merge.nd2,20220316_155400_842/Well10@220316MSa_2790j_5dpf_AJ-110-DR_1024_Nh_merge.nd2,20220316_155400_842/Well11@220316MSa_2790k_5dpf_AJ-110-DR_1024_Nh_merge.nd2,20220316_155400_842/Well12@220316MSa_2790l_5dpf_AJ-110-DR_1024_Nh_merge.nd2,20220316_155400_842/Well13@220316MSa_2791a_5dpf_AJ-110-DR_1024_Nh_merge.nd2,20220316_155400_842/Well14@220316MSa_2791b_5dpf_AJ-110-DR_1024_Nh_merge.nd2,20220316_155400_842/Well15@220316MSa_2791c_5dpf_AJ-110-DR_1024_Nh_merge.nd2,20220316_155400_842/Well16@220316MSa_2791d_5dpf_AJ-110-DR_1024_Nh_merge.nd2,20220316_155400_842/Well17@220316MSa_2791e_5dpf_AJ-110-DR_1024_Nh_merge.nd2,20220316_155400_842/Well18@220316MSa_2791f_5dpf_AJ-110-DR_1024_Nh_merge.nd2,20220316_155400_842/Well19@220316MSa_2791g_5dpf_AJ-110-DR_1024_Nh_merge.nd2,20220316_155400_842/Well20@220316MSa_2791h_5dpf_AJ-110-DR_1024_Nh_merge.nd2,20220316_155400_842/Well21@220316MSa_2791i_5dpf_AJ-110-DR_1024_Nh_merge.nd2,20220316_155400_842/Well22@220316MSa_2791j_5dpf_AJ-110-DR_1024_Nh_merge.nd2,20220316_155400_842/Well23@220316MSa_2791k_5dpf_AJ-110-DR_1024_Nh_merge.nd2,20220316_155400_842/Well24@220316MSa_2791l_5dpf_AJ-110-DR_1024_Nh_merge.nd2,20220316_155400_842/Well25@220316MSa_2792a_5dpf_AJ-110-DR_1024_Nh_merge.nd2,20220316_155400_842/Well26@220316MSa_2792b_5dpf_AJ-110-DR_1024_Nh_merge.nd2,20220316_155400_842/Well27@220316MSa_2792c_5dpf_AJ-110-DR_1024_Nh_merge.nd2,20220316_155400_842/Well28@220316MSa_2792d_5dpf_AJ-110-DR_1024_Nh_merge.nd2,20220316_155400_842/Well29@220316MSa_2792e_5dpf_AJ-110-DR_1024_Nh_merge.nd2,20220316_155400_842/Well30@220316MSa_2792f_5dpf_AJ-110-DR_1024_Nh_merge.nd2,20220316_155400_842/Well31@220316MSa_2792g_5dpf_AJ-110-DR_1024_Nh_merge.nd2,20220316_155400_842/Well32@220316MSa_2792h_5dpf_AJ-110-DR_1024_Nh_merge.nd2,20220316_155400_842/Well33@220316MSa_2792i_5dpf_AJ-110-DR_1024_Nh_merge.nd2,20220316_155400_842/Well34@220316MSa_2792j_5dpf_AJ-110-DR_1024_Nh_merge.nd2,20220316_155400_842/Well35@220316MSa_2792k_5dpf_AJ-110-DR_1024_Nh_merge.nd2,20220316_155400_842/Well36@220316MSa_2792l_5dpf_AJ-110-DR_1024_Nh_merge.nd2,,,,,,,,,,,,,,,,,,,,,,,,,,,,,,,,,,,,,,,,,,,,,,,,,,,,,,,,,,,,
220805-A,20220712_104704_183,20220712_104704_183/Well01@220712DCa_2844a_juvenil_JSJ-351-DR_512_Nh_merge.nd2,20220712_104704_183/Well02@220712DCa_2844b_juvenil_JSJ-351-DR_512_Nh_merge.nd2,20220712_104704_183/Well03@220712DCa_2844c_juvenil_JSJ-351-DR_512_Nh_merge.nd2,,20220712_104704_183/Well05@220712DCa_2845a_juvenil_JSJ-351-DR_512_Nh_merge.nd2,20220712_104704_183/Well06@220712DCa_2845b_juvenil_JSJ-351-DR_512_Nh_merge.nd2,20220712_104704_183/Well07@220712DCa_2845c_juvenil_JSJ-351-DR_512_Nh_merge.nd2,,20220712_104704_183/Well09@220712DCa_2846a_juvenil_JSJ-351-DR_512_Nh_merge.nd2,20220712_104704_183/Well10@220712DCa_2846b_juvenil_JSJ-351-DR_512_Nh_merge.nd2,20220712_104704_183/Well11@220712DCa_2846c_juvenil_JSJ-351-DR_512_Nh_merge.nd2,,20220712_104704_183/Well13@220712DCa_2847a_juvenil_JSJ-351-DR_512_Nh_merge.nd2,20220712_104704_183/Well14@220712DCa_2847b_juvenil_JSJ-351-DR_512_Nh_merge.nd2,20220712_104704_183/Well15@220712DCa_2847c_juvenil_JSJ-351-DR_512_Nh_merge.nd2,,20220712_104704_183/Well17@220712DCa_2848a_juvenil_JSJ-351-DR_512_Nh_merge.nd2,20220712_104704_183/Well18@220712DCa_2848b_juvenil_JSJ-351-DR_512_Nh_merge.nd2,,,20220712_104704_183/Well21@220712DCa_2850a_juvenil_JSJ-351-DR_512_Nh_merge.nd2,20220712_104704_183/Well22@220712DCa_2850b_juvenil_JSJ-351-DR_512_Nh_merge.nd2,20220712_104704_183/Well23@220712DCa_2850c_juvenil_JSJ-351-DR_512_Nh_merge.nd2,,,20220712_104704_183/Well26@220712DCa_2851a_juvenil_JSJ-351-DR_512_Nh_merge.nd2,20220712_104704_183/Well27@220712DCa_2851b_juvenil_JSJ-351-DR_512_Nh_merge.nd2,20220712_104704_183/Well28@220712DCa_2851c_juvenil_JSJ-351-DR_512_Nh_merge.nd2,20220712_104704_183/Well29@220712DCa_2851d_juvenil_JSJ-351-DR_512_Nh_merge.nd2,20220712_104704_183/Well30@220712DCa_2851e_juvenil_JSJ-351-DR_512_Nh_merge.nd2,20220712_104704_183/Well31@220712DCa_2851f_juvenil_JSJ-351-DR_512_Nh_merge.nd2,,,20220712_104704_183/Well34@220712DCa_2852a_juvenil_JSJ-351-DR_512_Nh_merge.nd2,20220712_104704_183/Well35@220712DCa_2852b_juvenil_JSJ-351-DR_512_Nh_merge.nd2,,20220712_104704_183/Well37@220712DCa_2855a_juvenil_JSJ-351-DR_512_Nh_merge.nd2,20220712_104704_183/Well38@220712DCa_2855b_juvenil_JSJ-351-DR_512_Nh_merge.nd2,20220712_104704_183/Well39@220712DCa_2855c_juvenil_JSJ-351-DR_512_Nh_merge.nd2,,,,,,,,,,,,,,,,,,,,,,,,,,,,,,,,,,,,,,,,,,,,,,,,,,,,,,,,,
220805-A,20220713_101133_345,20220713_101133_345/Well01@220713DCa_2844a_juvenil_JSJ-351-DR_512_Nh_merge.nd2,20220713_101133_345/Well02@220713DCa_2844b_juvenil_JSJ-351-DR_512_Nh_merge.nd2,20220713_101133_345/Well03@220713DCa_2844c_juvenil_JSJ-351-DR_512_Nh_merge.nd2,,20220713_101133_345/Well05@220713DCa_2845a_juvenil_JSJ-351-DR_512_Nh_merge.nd2,20220713_101133_345/Well06@220713DCa_2845b_juvenil_JSJ-351-DR_512_Nh_merge.nd2,20220713_101133_345/Well07@220713DCa_2845c_juvenil_JSJ-351-DR_512_Nh_merge.nd2,,20220713_101133_345/Well09@220713DCa_2846a_juvenil_JSJ-351-DR_512_Nh_merge.nd2,20220713_101133_345/Well10@220713DCa_2846b_juvenil_JSJ-351-DR_512_Nh_merge.nd2,20220713_101133_345/Well11@220713DCa_2846c_juvenil_JSJ-351-DR_512_Nh_merge.nd2,,20220713_101133_345/Well13@220713DCa_2847a_juvenil_JSJ-351-DR_512_Nh_merge.nd2,20220713_101133_345/Well14@220713DCa_2847b_juvenil_JSJ-351-DR_512_Nh_merge.nd2,20220713_101133_345/Well15@220713DCa_2847c_juvenil_JSJ-351-DR_512_Nh_merge.nd2,,20220713_101133_345/Well17@220713DCa_2848a_juvenil_JSJ-351-DR_512_Nh_merge.nd2,20220713_101133_345/Well18@220713DCa_2848b_juvenil_JSJ-351-DR_512_Nh_merge.nd2,,,20220713_101133_345/Well21@220713DCa_2850a_juvenil_JSJ-351-DR_512_Nh_merge.nd2,20220713_101133_345/Well22@220713DCa_2850b_juvenil_JSJ-351-DR_512_Nh_merge.nd2,20220713_101133_345/Well23@220713DCa_2850c_juvenil_JSJ-351-DR_512_Nh_merge.nd2,,,20220713_101133_345/Well26@220713DCa_2851a_juvenil_JSJ-351-DR_512_Nh_merge.nd2,20220713_101133_345/Well27@220713DCa_2851b_juvenil_JSJ-351-DR_512_Nh_merge.nd2,20220713_101133_345/Well28@220713DCa_2851c_juvenil_JSJ-351-DR_512_Nh_merge.nd2,20220713_101133_345/Well29@220713DCa_2851d_juvenil_JSJ-351-DR_512_Nh_merge.nd2,20220713_101133_345/Well30@220713DCa_2851e_juvenil_JSJ-351-DR_512_Nh_merge.nd2,20220713_101133_345/Well31@220713DCa_2851f_juvenil_JSJ-351-DR_512_Nh_merge.nd2,,,20220713_101133_345/Well34@220713DCa_2852a_juvenil_JSJ-351-DR_512_Nh_merge.nd2,20220713_101133_345/Well35@220713DCa_2852b_juvenil_JSJ-351-DR_512_Nh_merge.nd2,,20220713_101133_345/Well37@220713DCa_2855a_juvenil_JSJ-351-DR_512_Nh_merge.nd2,20220713_101133_345/Well38@220713DCa_2855b_juvenil_JSJ-351-DR_512_Nh_merge.nd2,20220713_101133_345/Well39@220713DCa_2855c_juvenil_JSJ-351-DR_512_Nh_merge.nd2,,,,,,,,,,,,,,,,,,,,,,,,,,,,,,,,,,,,,,,,,,,,,,,,,,,,,,,,,
220805-A,20220713_124435_806,20220713_124435_806/Well01@220713DCb_2844a_juvenil_JSJ-351-DR_512_Nh_merge.nd2,20220713_124435_806/Well02@220713DCb_2844b_juvenil_JSJ-351-DR_512_Nh_merge.nd2,20220713_124435_806/Well03@220713DCb_2844c_juvenil_JSJ-351-DR_512_Nh_merge.nd2,,20220713_124435_806/Well05@220713DCb_2845a_juvenil_JSJ-351-DR_512_Nh_merge.nd2,20220713_124435_806/Well06@220713DCb_2845b_juvenil_JSJ-351-DR_512_Nh_merge.nd2,20220713_124435_806/Well07@220713DCb_2845c_juvenil_JSJ-351-DR_512_Nh_merge.nd2,,20220713_124435_806/Well09@220713DCb_2846a_juvenil_JSJ-351-DR_512_Nh_merge.nd2,20220713_124435_806/Well10@220713DCb_2846b_juvenil_JSJ-351-DR_512_Nh_merge.nd2,20220713_124435_806/Well11@220713DCb_2846c_juvenil_JSJ-351-DR_512_Nh_merge.nd2,,20220713_124435_806/Well13@220713DCb_2847a_juvenil_JSJ-351-DR_512_Nh_merge.nd2,20220713_124435_806/Well14@220713DCb_2847b_juvenil_JSJ-351-DR_512_Nh_merge.nd2,20220713_124435_806/Well15@220713DCb_2847c_juvenil_JSJ-351-DR_512_Nh_merge.nd2,,20220713_124435_806/Well17@220713DCb_2848a_juvenil_JSJ-351-DR_512_Nh_merge.nd2,20220713_124435_806/Well18@220713DCb_2848b_juvenil_JSJ-351-DR_512_Nh_merge.nd2,,,20220713_124435_806/Well21@220713DCb_2850a_juvenil_JSJ-351-DR_512_Nh_merge.nd2,20220713_124435_806/Well22@220713DCb_2850b_juvenil_JSJ-351-DR_512_Nh_merge.nd2,20220713_124435_806/Well23@220713DCb_2850c_juvenil_JSJ-351-DR_512_Nh_merge.nd2,,,20220713_124435_806/Well26@220713DCb_2851a_juvenil_JSJ-351-DR_512_Nh_merge.nd2,20220713_124435_806/Well27@220713DCb_2851b_juvenil_JSJ-351-DR_512_Nh_merge.nd2,20220713_124435_806/Well28@220713DCb_2851c_juvenil_JSJ-351-DR_512_Nh_merge.nd2,20220713_124435_806/Well29@220713DCb_2851d_juvenil_JSJ-351-DR_512_Nh_merge.nd2,20220713_124435_806/Well30@220713DCb_2851e_juvenil_JSJ-351-DR_512_Nh_merge.nd2,20220713_124435_806/Well31@220713DCb_2851f_juvenil_JSJ-351-DR_512_Nh_merge.nd2,,,20220713_124435_806/Well34@220713DCb_2852a_juvenil_JSJ-351-DR_512_Nh_merge.nd2,20220713_124435_806/Well35@220713DCb_2852b_juvenil_JSJ-351-DR_512_Nh_merge.nd2,,20220713_124435_806/Well37@220713DCb_2855a_juvenil_JSJ-351-DR_512_Nh_merge.nd2,20220713_124435_806/Well38@220713DCb_2855b_juvenil_JSJ-351-DR_512_Nh_merge.nd2,20220713_124435_806/Well39@220713DCb_2855c_juvenil_JSJ-351-DR_512_Nh_merge.nd2,,,,,,,,,,,,,,,,,,,,,,,,,,,,,,,,,,,,,,,,,,,,,,,,,,,,,,,,,
220804-A,20220808_153523_322,20220808_153523_322/Well01@220808DCa_2884a_juvenil_JSJ-351-DR_512_Nh_merge.nd2,20220808_153523_322/Well02@220808DCa_2884b_juvenil_JSJ-351-DR_512_Nh_merge.nd2,20220808_153523_322/Well03@220808DCa_2885a_juvenil_JSJ-351-DR_512_Nh_merge.nd2,20220808_153523_322/Well04@220808DCa_2886a_juvenil_JSJ-351-DR_512_Nh_merge.nd2,20220808_153523_322/Well05@220808DCa_2887a_juvenil_JSJ-351-DR_512_Nh_merge.nd2,20220808_153523_322/Well06@220808DCa_2887b_juvenil_JSJ-351-DR_512_Nh_merge.nd2,20220808_153523_322/Well07@220808DCa_2888a_juvenil_JSJ-351-DR_512_Nh_merge.nd2,20220808_153523_322/Well08@220808DCa_2888b_juvenil_JSJ-351-DR_512_Nh_merge.nd2,,,,,,,,,,,,,,,,,,,,,,,,,,,,,,,,,,,,,,,,,,,,,,,,,,,,,,,,,,,,,,,,,,,,,,,,,,,,,,,,,,,,,,,,
220804-A,20220809_105319_331,20220809_105319_331/Well01@220809DCa_2884a_juvenil_JSJ-351-DR_512_Nh_merge.nd2,20220809_105319_331/Well02@220809DCa_2884b_juvenil_JSJ-351-DR_512_Nh_merge.nd2,20220809_105319_331/Well03@220809DCa_2885a_juvenil_JSJ-351-DR_512_Nh_merge.nd2,20220809_105319_331/Well04@220809DCa_2886a_juvenil_JSJ-351-DR_512_Nh_merge.nd2,20220809_105319_331/Well05@220809DCa_2887a_juvenil_JSJ-351-DR_512_Nh_merge.nd2,20220809_105319_331/Well06@220809DCa_2887b_juvenil_JSJ-351-DR_512_Nh_merge.nd2,20220809_105319_331/Well07@220809DCa_2888a_juvenil_JSJ-351-DR_512_Nh_merge.nd2,20220809_105319_331/Well08@220809DCa_2888b_juvenil_JSJ-351-DR_512_Nh_merge.nd2,,,,,,,,,,,,,,,,,,,,,,,,,,,,,,,,,,,,,,,,,,,,,,,,,,,,,,,,,,,,,,,,,,,,,,,,,,,,,,,,,,,,,,,,
220804-A,20220809_100846_843,20220809_100846_843/Well01@220809DCb_2884a_juvenil_JSJ-351-DR_512_Nh_merge.nd2,20220809_100846_843/Well02@220809DCb_2884b_juvenil_JSJ-351-DR_512_Nh_merge.nd2,20220809_100846_843/Well03@220809DCb_2885a_juvenil_JSJ-351-DR_512_Nh_merge.nd2,20220809_100846_843/Well04@220809DCb_2886a_juvenil_JSJ-351-DR_512_Nh_merge.nd2,20220809_100846_843/Well05@220809DCb_2887a_juvenil_JSJ-351-DR_512_Nh_merge.nd2,20220809_100846_843/Well06@220809DCb_2887b_juvenil_JSJ-351-DR_512_Nh_merge.nd2,20220809_100846_843/Well07@220809DCb_2888a_juvenil_JSJ-351-DR_512_Nh_merge.nd2,20220809_100846_843/Well08@220809DCb_2888b_juvenil_JSJ-351-DR_512_Nh_merge.nd2,,,,,,,,,,,,,,,,,,,,,,,,,,,,,,,,,,,,,,,,,,,,,,,,,,,,,,,,,,,,,,,,,,,,,,,,,,,,,,,,,,,,,,,,
220803-A,20220805_103935_118,20220805_103935_118/Well01@220805DCa_2857a_5dpf_AJ-110-DR_1024_Nh_merge.nd2,20220805_103935_118/Well02@220805DCa_2857b_5dpf_AJ-110-DR_1024_Nh_merge.nd2,20220805_103935_118/Well03@220805DCa_2857c_5dpf_AJ-110-DR_1024_Nh_merge.nd2,20220805_103935_118/Well04@220805DCa_2857d_5dpf_AJ-110-DR_1024_Nh_merge.nd2,20220805_103935_118/Well05@220805DCa_2857e_5dpf_AJ-110-DR_1024_Nh_merge.nd2,20220805_103935_118/Well06@220805DCa_2857f_5dpf_AJ-110-DR_1024_Nh_merge.nd2,20220805_103935_118/Well07@220805DCa_2857g_5dpf_AJ-110-DR_1024_Nh_merge.nd2,20220805_103935_118/Well08@220805DCa_2857h_5dpf_AJ-110-DR_1024_Nh_merge.nd2,20220805_103935_118/Well09@220805DCa_2857i_5dpf_AJ-110-DR_1024_Nh_merge.nd2,20220805_103935_118/Well10@220805DCa_2857j_5dpf_AJ-110-DR_1024_Nh_merge.nd2,20220805_103935_118/Well11@220805DCa_2857k_5dpf_AJ-110-DR_1024_Nh_merge.nd2,20220805_103935_118/Well12@220805DCa_2857l_5dpf_AJ-110-DR_1024_Nh_merge.nd2,,,,,,,,,,,,,,,,,,,,,,,,,,,,,,,,,,,,,,,,,,,,,,,,,,,,,,,,,,,,,,,,,,,,,,,,,,,,,,,,,,,,
221012-A,20221012_094209_682,20221012_094209_682/Point0000@221012DCa_2934a_5dpf_AJ-110-DR_1024_Nh_tiles.nd2,20221012_094209_682/Point0001@221012DCa_2934b_5dpf_AJ-110-DR_1024_Nh_tiles.nd2,20221012_094209_682/Point0002@221012DCa_2934c_5dpf_AJ-110-DR_1024_Nh_tiles.nd2,20221012_094209_682/Point0003@221012DCa_2934d_5dpf_AJ-110-DR_1024_Nh_tiles.nd2,20221012_094209_682/Point0004@221012DCa_2934e_5dpf_AJ-110-DR_1024_Nh_tiles.nd2,20221012_094209_682/Point0005@221012DCa_2934f_5dpf_AJ-110-DR_1024_Nh_tiles.nd2,20221012_094209_682/Point0006@221012DCa_2934g_5dpf_AJ-110-DR_1024_Nh_tiles.nd2,20221012_094209_682/Point0007@221012DCa_2934h_5dpf_AJ-110-DR_1024_Nh_tiles.nd2,20221012_094209_682/Point0008@221012DCa_2934i_5dpf_AJ-110-DR_1024_Nh_tiles.nd2,20221012_094209_682/Point0009@221012DCa_2934j_5dpf_AJ-110-DR_1024_Nh_tiles.nd2,20221012_094209_682/Point0010@221012DCa_2934k_5dpf_AJ-110-DR_1024_Nh_tiles.nd2,20221012_094209_682/Point0011@221012DCa_2934l_5dpf_AJ-110-DR_1024_Nh_tiles.nd2,,,,,,,,,,,,,,,,,,,,,,,,,,,,,,,,,,,,,,,,,,,,,,,,,,,,,,,,,,,,,,,,,,,,,,,,,,,,,,,,,,,,
220907-A,PCNA_1024_20220909_130726_556,PCNA_1024_20220909_130726_556/Point0000@PCNADCa_2901a__AR-207-DR_1024_Nh_tiles.nd2,PCNA_1024_20220909_130726_556/Point0001@PCNADCa_2901b__AR-207-DR_1024_Nh_tiles.nd2,PCNA_1024_20220909_130726_556/Point0002@PCNADCa_2901c__AR-207-DR_1024_Nh_tiles.nd2,PCNA_1024_20220909_130726_556/Point0003@PCNADCa_2901d__AR-207-DR_1024_Nh_tiles.nd2,PCNA_1024_20220909_130726_556/Point0004@PCNADCa_2901e__AR-207-DR_1024_Nh_tiles.nd2,PCNA_1024_20220909_130726_556/Point0005@PCNADCa_2901f__AR-207-DR_1024_Nh_tiles.nd2,PCNA_1024_20220909_130726_556/Point0006@PCNADCa_2901g__AR-207-DR_1024_Nh_tiles.nd2,PCNA_1024_20220909_130726_556/Point0007@PCNADCa_2901h__AR-207-DR_1024_Nh_tiles.nd2,PCNA_1024_20220909_130726_556/Point0008@PCNADCa_2901i__AR-207-DR_1024_Nh_tiles.nd2,PCNA_1024_20220909_130726_556/Point0009@PCNADCa_2901j__AR-207-DR_1024_Nh_tiles.nd2,PCNA_1024_20220909_130726_556/Point0010@PCNADCa_2901k__AR-207-DR_1024_Nh_tiles.nd2,PCNA_1024_20220909_130726_556/Point0011@PCNADCa_2901l__AR-207-DR_1024_Nh_tiles.nd2,,,,,,,,,,,,,,,,,,,,,,,,,,,,,,,,,,,,,,,,,,,,,,,,,,,,,,,,,,,,,,,,,,,,,,,,,,,,,,,,,,,,
220907-A,PCNA_512_20220908_140346_933,PCNA_512_20220908_140346_933/Point0000@PCNADCb_2901a__AR-207-DR_512_Nh_tiles.nd2,PCNA_512_20220908_140346_933/Point0001@PCNADCb_2901b__AR-207-DR_512_Nh_tiles.nd2,PCNA_512_20220908_140346_933/Point0002@PCNADCb_2901c__AR-207-DR_512_Nh_tiles.nd2,PCNA_512_20220908_140346_933/Point0003@PCNADCb_2901d__AR-207-DR_512_Nh_tiles.nd2,PCNA_512_20220908_140346_933/Point0004@PCNADCb_2901e__AR-207-DR_512_Nh_tiles.nd2,PCNA_512_20220908_140346_933/Point0005@PCNADCb_2901f__AR-207-DR_512_Nh_tiles.nd2,PCNA_512_20220908_140346_933/Point0006@PCNADCb_2901g__AR-207-DR_512_Nh_tiles.nd2,PCNA_512_20220908_140346_933/Point0007@PCNADCb_2901h__AR-207-DR_512_Nh_tiles.nd2,PCNA_512_20220908_140346_933/Point0008@PCNADCb_2901i__AR-207-DR_512_Nh_tiles.nd2,PCNA_512_20220908_140346_933/Point0009@PCNADCb_2901j__AR-207-DR_512_Nh_tiles.nd2,PCNA_512_20220908_140346_933/Point0010@PCNADCb_2901k__AR-207-DR_512_Nh_tiles.nd2,PCNA_512_20220908_140346_933/Point0011@PCNADCb_2901l__AR-207-DR_512_Nh_tiles.nd2,,,,,,,,,,,,,,,,,,,,,,,,,,,,,,,,,,,,,,,,,,,,,,,,,,,,,,,,,,,,,,,,,,,,,,,,,,,,,,,,,,,,
220907-A,PCNA_256_20220908_105106_687,PCNA_256_20220908_105106_687/Point0000@PCNADCc_2901a__AR-207-DR_256_Nh_tiles.nd2,PCNA_256_20220908_105106_687/Point0001@PCNADCc_2901b__AR-207-DR_256_Nh_tiles.nd2,PCNA_256_20220908_105106_687/Point0002@PCNADCc_2901c__AR-207-DR_256_Nh_tiles.nd2,PCNA_256_20220908_105106_687/Point0003@PCNADCc_2901d__AR-207-DR_256_Nh_tiles.nd2,PCNA_256_20220908_105106_687/Point0004@PCNADCc_2901e__AR-207-DR_256_Nh_tiles.nd2,PCNA_256_20220908_105106_687/Point0005@PCNADCc_2901f__AR-207-DR_256_Nh_tiles.nd2,PCNA_256_20220908_105106_687/Point0006@PCNADCc_2901g__AR-207-DR_256_Nh_tiles.nd2,PCNA_256_20220908_105106_687/Point0007@PCNADCc_2901h__AR-207-DR_256_Nh_tiles.nd2,PCNA_256_20220908_105106_687/Point0008@PCNADCc_2901i__AR-207-DR_256_Nh_tiles.nd2,PCNA_256_20220908_105106_687/Point0009@PCNADCc_2901j__AR-207-DR_256_Nh_tiles.nd2,PCNA_256_20220908_105106_687/Point0010@PCNADCc_2901k__AR-207-DR_256_Nh_tiles.nd2,PCNA_256_20220908_105106_687/Point0011@PCNADCc_2901l__AR-207-DR_256_Nh_tiles.nd2,,,,,,,,,,,,,,,,,,,,,,,,,,,,,,,,,,,,,,,,,,,,,,,,,,,,,,,,,,,,,,,,,,,,,,,,,,,,,,,,,,,,
230627-A,20230628_143155_364,20230628_143155_364/Well01@230628DCa_3070a_5dpf_TCF-462-DR_1024_Nh_merge.nd2,20230628_143155_364/Well02@230628DCa_3070b_5dpf_TCF-462-DR_1024_Nh_merge.nd2,20230628_143155_364/Well03@230628DCa_3070c_5dpf_TCF-462-DR_1024_Nh_merge.nd2,20230628_143155_364/Well04@230628DCa_3070d_5dpf_TCF-462-DR_1024_Nh_merge.nd2,20230628_143155_364/Well05@230628DCa_3070e_5dpf_TCF-462-DR_1024_Nh_merge.nd2,20230628_143155_364/Well06@230628DCa_3070f_5dpf_TCF-462-DR_1024_Nh_merge.nd2,20230628_143155_364/Well07@230628DCa_3070g_5dpf_TCF-462-DR_1024_Nh_merge.nd2,20230628_143155_364/Well08@230628DCa_3070h_5dpf_TCF-462-DR_1024_Nh_merge.nd2,20230628_143155_364/Well09@230628DCa_3070i_5dpf_TCF-462-DR_1024_Nh_merge.nd2,20230628_143155_364/Well10@230628DCa_3070j_5dpf_TCF-462-DR_1024_Nh_merge.nd2,20230628_143155_364/Well11@230628DCa_3070k_5dpf_TCF-462-DR_1024_Nh_merge.nd2,20230628_143155_364/Well12@230628DCa_3070l_5dpf_TCF-462-DR_1024_Nh_merge.nd2,20230628_143155_364/Well13@230628DCa_3071a_5dpf_TCF-462-DR_1024_Nh_merge.nd2,20230628_143155_364/Well14@230628DCa_3071b_5dpf_TCF-462-DR_1024_Nh_merge.nd2,20230628_143155_364/Well15@230628DCa_3071c_5dpf_TCF-462-DR_1024_Nh_merge.nd2,20230628_143155_364/Well16@230628DCa_3071d_5dpf_TCF-462-DR_1024_Nh_merge.nd2,20230628_143155_364/Well17@230628DCa_3071e_5dpf_TCF-462-DR_1024_Nh_merge.nd2,20230628_143155_364/Well18@230628DCa_3071f_5dpf_TCF-462-DR_1024_Nh_merge.nd2,20230628_143155_364/Well19@230628DCa_3071g_5dpf_TCF-462-DR_1024_Nh_merge.nd2,20230628_143155_364/Well20@230628DCa_3071h_5dpf_TCF-462-DR_1024_Nh_merge.nd2,20230628_143155_364/Well21@230628DCa_3071i_5dpf_TCF-462-DR_1024_Nh_merge.nd2,20230628_143155_364/Well22@230628DCa_3071j_5dpf_TCF-462-DR_1024_Nh_merge.nd2,20230628_143155_364/Well23@230628DCa_3071k_5dpf_TCF-462-DR_1024_Nh_merge.nd2,20230628_143155_364/Well24@230628DCa_3071l_5dpf_TCF-462-DR_1024_Nh_merge.nd2,20230628_143155_364/Well25@230628DCa_3072a_5dpf_TCF-462-DR_1024_Nh_merge.nd2,20230628_143155_364/Well26@230628DCa_3072b_5dpf_TCF-462-DR_1024_Nh_merge.nd2,20230628_143155_364/Well27@230628DCa_3072c_5dpf_TCF-462-DR_1024_Nh_merge.nd2,20230628_143155_364/Well28@230628DCa_3072d_5dpf_TCF-462-DR_1024_Nh_merge.nd2,20230628_143155_364/Well29@230628DCa_3072e_5dpf_TCF-462-DR_1024_Nh_merge.nd2,20230628_143155_364/Well30@230628DCa_3072f_5dpf_TCF-462-DR_1024_Nh_merge.nd2,20230628_143155_364/Well31@230628DCa_3072g_5dpf_TCF-462-DR_1024_Nh_merge.nd2,20230628_143155_364/Well32@230628DCa_3072h_5dpf_TCF-462-DR_1024_Nh_merge.nd2,20230628_143155_364/Well33@230628DCa_3072i_5dpf_TCF-462-DR_1024_Nh_merge.nd2,20230628_143155_364/Well34@230628DCa_3072j_5dpf_TCF-462-DR_1024_Nh_merge.nd2,20230628_143155_364/Well35@230628DCa_3072k_5dpf_TCF-462-DR_1024_Nh_merge.nd2,20230628_143155_364/Well36@230628DCa_3072l_5dpf_TCF-462-DR_1024_Nh_merge.nd2,20230628_143155_364/Well37@230628DCa_3073a_5dpf_TCF-462-DR_1024_Nh_merge.nd2,20230628_143155_364/Well38@230628DCa_3073b_5dpf_TCF-462-DR_1024_Nh_merge.nd2,20230628_143155_364/Well39@230628DCa_3073c_5dpf_TCF-462-DR_1024_Nh_merge.nd2,20230628_143155_364/Well40@230628DCa_3073d_5dpf_TCF-462-DR_1024_Nh_merge.nd2,20230628_143155_364/Well41@230628DCa_3073e_5dpf_TCF-462-DR_1024_Nh_merge.nd2,20230628_143155_364/Well42@230628DCa_3073f_5dpf_TCF-462-DR_1024_Nh_merge.nd2,20230628_143155_364/Well43@230628DCa_3073g_5dpf_TCF-462-DR_1024_Nh_merge.nd2,20230628_143155_364/Well44@230628DCa_3073h_5dpf_TCF-462-DR_1024_Nh_merge.nd2,20230628_143155_364/Well45@230628DCa_3073i_5dpf_TCF-462-DR_1024_Nh_merge.nd2,20230628_143155_364/Well46@230628DCa_3073j_5dpf_TCF-462-DR_1024_Nh_merge.nd2,20230628_143155_364/Well47@230628DCa_3073k_5dpf_TCF-462-DR_1024_Nh_merge.nd2,20230628_143155_364/Well48@230628DCa_3073l_5dpf_TCF-462-DR_1024_Nh_merge.nd2,20230628_143155_364/Well49@230628DCa_3074a_5dpf_TCF-462-DR_1024_Nh_merge.nd2,20230628_143155_364/Well50@230628DCa_3074b_5dpf_TCF-462-DR_1024_Nh_merge.nd2,20230628_143155_364/Well51@230628DCa_3074c_5dpf_TCF-462-DR_1024_Nh_merge.nd2,20230628_143155_364/Well52@230628DCa_3074d_5dpf_TCF-462-DR_1024_Nh_merge.nd2,20230628_143155_364/Well53@230628DCa_3074e_5dpf_TCF-462-DR_1024_Nh_merge.nd2,20230628_143155_364/Well54@230628DCa_3074f_5dpf_TCF-462-DR_1024_Nh_merge.nd2,20230628_143155_364/Well55@230628DCa_3074g_5dpf_TCF-462-DR_1024_Nh_merge.nd2,20230628_143155_364/Well56@230628DCa_3074h_5dpf_TCF-462-DR_1024_Nh_merge.nd2,20230628_143155_364/Well57@230628DCa_3074i_5dpf_TCF-462-DR_1024_Nh_merge.nd2,20230628_143155_364/Well58@230628DCa_3074j_5dpf_TCF-462-DR_1024_Nh_merge.nd2,20230628_143155_364/Well59@230628DCa_3074k_5dpf_TCF-462-DR_1024_Nh_merge.nd2,20230628_143155_364/Well60@230628DCa_3074l_5dpf_TCF-462-DR_1024_Nh_merge.nd2,,,,,,,,,,,,,,,,,,,,,,,,,,,,,,,,,,,,
230627-A,20230703_091624_801,20230703_091624_801/Well01@230703DCa_3070a_5dpf_TCF-462-DR_256_Nh_merge.nd2,20230703_091624_801/Well02@230703DCa_3070b_5dpf_TCF-462-DR_256_Nh_merge.nd2,20230703_091624_801/Well03@230703DCa_3070c_5dpf_TCF-462-DR_256_Nh_merge.nd2,20230703_091624_801/Well04@230703DCa_3070d_5dpf_TCF-462-DR_256_Nh_merge.nd2,20230703_091624_801/Well05@230703DCa_3070e_5dpf_TCF-462-DR_256_Nh_merge.nd2,20230703_091624_801/Well06@230703DCa_3070f_5dpf_TCF-462-DR_256_Nh_merge.nd2,20230703_091624_801/Well07@230703DCa_3070g_5dpf_TCF-462-DR_256_Nh_merge.nd2,20230703_091624_801/Well08@230703DCa_3070h_5dpf_TCF-462-DR_256_Nh_merge.nd2,20230703_091624_801/Well09@230703DCa_3070i_5dpf_TCF-462-DR_256_Nh_merge.nd2,20230703_091624_801/Well10@230703DCa_3070j_5dpf_TCF-462-DR_256_Nh_merge.nd2,20230703_091624_801/Well11@230703DCa_3070k_5dpf_TCF-462-DR_256_Nh_merge.nd2,20230703_091624_801/Well12@230703DCa_3070l_5dpf_TCF-462-DR_256_Nh_merge.nd2,20230703_091624_801/Well13@230703DCa_3071a_5dpf_TCF-462-DR_256_Nh_merge.nd2,20230703_091624_801/Well14@230703DCa_3071b_5dpf_TCF-462-DR_256_Nh_merge.nd2,20230703_091624_801/Well15@230703DCa_3071c_5dpf_TCF-462-DR_256_Nh_merge.nd2,20230703_091624_801/Well16@230703DCa_3071d_5dpf_TCF-462-DR_256_Nh_merge.nd2,20230703_091624_801/Well17@230703DCa_3071e_5dpf_TCF-462-DR_256_Nh_merge.nd2,20230703_091624_801/Well18@230703DCa_3071f_5dpf_TCF-462-DR_256_Nh_merge.nd2,20230703_091624_801/Well19@230703DCa_3071g_5dpf_TCF-462-DR_256_Nh_merge.nd2,20230703_091624_801/Well20@230703DCa_3071h_5dpf_TCF-462-DR_256_Nh_merge.nd2,20230703_091624_801/Well21@230703DCa_3071i_5dpf_TCF-462-DR_256_Nh_merge.nd2,20230703_091624_801/Well22@230703DCa_3071j_5dpf_TCF-462-DR_256_Nh_merge.nd2,20230703_091624_801/Well23@230703DCa_3071k_5dpf_TCF-462-DR_256_Nh_merge.nd2,20230703_091624_801/Well24@230703DCa_3071l_5dpf_TCF-462-DR_256_Nh_merge.nd2,20230703_091624_801/Well25@230703DCa_3072a_5dpf_TCF-462-DR_256_Nh_merge.nd2,20230703_091624_801/Well26@230703DCa_3072b_5dpf_TCF-462-DR_256_Nh_merge.nd2,20230703_091624_801/Well27@230703DCa_3072c_5dpf_TCF-462-DR_256_Nh_merge.nd2,20230703_091624_801/Well28@230703DCa_3072d_5dpf_TCF-462-DR_256_Nh_merge.nd2,20230703_091624_801/Well29@230703DCa_3072e_5dpf_TCF-462-DR_256_Nh_merge.nd2,20230703_091624_801/Well30@230703DCa_3072f_5dpf_TCF-462-DR_256_Nh_merge.nd2,20230703_091624_801/Well31@230703DCa_3072g_5dpf_TCF-462-DR_256_Nh_merge.nd2,20230703_091624_801/Well32@230703DCa_3072h_5dpf_TCF-462-DR_256_Nh_merge.nd2,20230703_091624_801/Well33@230703DCa_3072i_5dpf_TCF-462-DR_256_Nh_merge.nd2,20230703_091624_801/Well34@230703DCa_3072j_5dpf_TCF-462-DR_256_Nh_merge.nd2,20230703_091624_801/Well35@230703DCa_3072k_5dpf_TCF-462-DR_256_Nh_merge.nd2,20230703_091624_801/Well36@230703DCa_3072l_5dpf_TCF-462-DR_256_Nh_merge.nd2,20230703_091624_801/Well37@230703DCa_3073a_5dpf_TCF-462-DR_256_Nh_merge.nd2,20230703_091624_801/Well38@230703DCa_3073b_5dpf_TCF-462-DR_256_Nh_merge.nd2,20230703_091624_801/Well39@230703DCa_3073c_5dpf_TCF-462-DR_256_Nh_merge.nd2,20230703_091624_801/Well40@230703DCa_3073d_5dpf_TCF-462-DR_256_Nh_merge.nd2,20230703_091624_801/Well41@230703DCa_3073e_5dpf_TCF-462-DR_256_Nh_merge.nd2,20230703_091624_801/Well42@230703DCa_3073f_5dpf_TCF-462-DR_256_Nh_merge.nd2,20230703_091624_801/Well43@230703DCa_3073g_5dpf_TCF-462-DR_256_Nh_merge.nd2,20230703_091624_801/Well44@230703DCa_3073h_5dpf_TCF-462-DR_256_Nh_merge.nd2,20230703_091624_801/Well45@230703DCa_3073i_5dpf_TCF-462-DR_256_Nh_merge.nd2,20230703_091624_801/Well46@230703DCa_3073j_5dpf_TCF-462-DR_256_Nh_merge.nd2,20230703_091624_801/Well47@230703DCa_3073k_5dpf_TCF-462-DR_256_Nh_merge.nd2,20230703_091624_801/Well48@230703DCa_3073l_5dpf_TCF-462-DR_256_Nh_merge.nd2,20230703_091624_801/Well49@230703DCa_3074a_5dpf_TCF-462-DR_256_Nh_merge.nd2,20230703_091624_801/Well50@230703DCa_3074b_5dpf_TCF-462-DR_256_Nh_merge.nd2,20230703_091624_801/Well51@230703DCa_3074c_5dpf_TCF-462-DR_256_Nh_merge.nd2,20230703_091624_801/Well52@230703DCa_3074d_5dpf_TCF-462-DR_256_Nh_merge.nd2,20230703_091624_801/Well53@230703DCa_3074e_5dpf_TCF-462-DR_256_Nh_merge.nd2,20230703_091624_801/Well54@230703DCa_3074f_5dpf_TCF-462-DR_256_Nh_merge.nd2,20230703_091624_801/Well55@230703DCa_3074g_5dpf_TCF-462-DR_256_Nh_merge.nd2,20230703_091624_801/Well56@230703DCa_3074h_5dpf_TCF-462-DR_256_Nh_merge.nd2,20230703_091624_801/Well57@230703DCa_3074i_5dpf_TCF-462-DR_256_Nh_merge.nd2,20230703_091624_801/Well58@230703DCa_3074j_5dpf_TCF-462-DR_256_Nh_merge.nd2,20230703_091624_801/Well59@230703DCa_3074k_5dpf_TCF-462-DR_256_Nh_merge.nd2,20230703_091624_801/Well60@230703DCa_3074l_5dpf_TCF-462-DR_256_Nh_merge.nd2,,,,,,,,,,,,,,,,,,,,,,,,,,,,,,,,,,,,
230711-A,20230711_122055_452,20230711_122055_452/Well01@230711DCa_3077a_5dpf_TCF-446-DR_512_Nh_merge.nd2,20230711_122055_452/Well02@230711DCa_3077b_5dpf_TCF-446-DR_512_Nh_merge.nd2,20230711_122055_452/Well03@230711DCa_3077c_5dpf_TCF-446-DR_512_Nh_merge.nd2,20230711_122055_452/Well04@230711DCa_3077d_5dpf_TCF-446-DR_512_Nh_merge.nd2,20230711_122055_452/Well05@230711DCa_3077e_5dpf_TCF-446-DR_512_Nh_merge.nd2,20230711_122055_452/Well06@230711DCa_3077f_5dpf_TCF-446-DR_512_Nh_merge.nd2,20230711_122055_452/Well07@230711DCa_3077g_5dpf_TCF-446-DR_512_Nh_merge.nd2,20230711_122055_452/Well08@230711DCa_3077h_5dpf_TCF-446-DR_512_Nh_merge.nd2,20230711_122055_452/Well09@230711DCa_3077i_5dpf_TCF-446-DR_512_Nh_merge.nd2,20230711_122055_452/Well10@230711DCa_3077j_5dpf_TCF-446-DR_512_Nh_merge.nd2,20230711_122055_452/Well11@230711DCa_3077k_5dpf_TCF-446-DR_512_Nh_merge.nd2,20230711_122055_452/Well12@230711DCa_3077l_5dpf_TCF-446-DR_512_Nh_merge.nd2,,,,,,,,,,,,,,,,,,,,,,,,,,,,,,,,,,,,,,,,,,,,,,,,,,,,,,,,,,,,,,,,,,,,,,,,,,,,,,,,,,,,
230718-A,20230719_090112_349,20230719_090112_349/Well01@230719DCa_3078a_5dpf_TCF-379-DR_512_Nh_merge.nd2,20230719_090112_349/Well02@230719DCa_3078b_5dpf_TCF-379-DR_512_Nh_merge.nd2,20230719_090112_349/Well03@230719DCa_3078c_5dpf_TCF-379-DR_512_Nh_merge.nd2,20230719_090112_349/Well04@230719DCa_3078d_5dpf_TCF-379-DR_512_Nh_merge.nd2,20230719_090112_349/Well05@230719DCa_3078e_5dpf_TCF-379-DR_512_Nh_merge.nd2,,20230719_090112_349/Well07@230719DCa_3079a_5dpf_TCF-379-DR_512_Nh_merge.nd2,20230719_090112_349/Well08@230719DCa_3079b_5dpf_TCF-379-DR_512_Nh_merge.nd2,,,,,,,,,,,,,,,,,,,,,,,,,,,,,,,,,,,,,,,,,,,,,,,,,,,,,,,,,,,,,,,,,,,,,,,,,,,,,,,,,,,,,,,,
230718-A,20230719_103135_283,20230719_103135_283/Well01@230719DCb_3078a_5dpf_TCF-379-DR_512_Nh_merge.nd2,20230719_103135_283/Well02@230719DCb_3078b_5dpf_TCF-379-DR_512_Nh_merge.nd2,20230719_103135_283/Well03@230719DCb_3078c_5dpf_TCF-379-DR_512_Nh_merge.nd2,20230719_103135_283/Well04@230719DCb_3078d_5dpf_TCF-379-DR_512_Nh_merge.nd2,20230719_103135_283/Well05@230719DCb_3078e_5dpf_TCF-379-DR_512_Nh_merge.nd2,,20230719_103135_283/Well07@230719DCb_3079a_5dpf_TCF-379-DR_512_Nh_merge.nd2,20230719_103135_283/Well08@230719DCb_3079b_5dpf_TCF-379-DR_512_Nh_merge.nd2,,,,,,,,,,,,,,,,,,,,,,,,,,,,,,,,,,,,,,,,,,,,,,,,,,,,,,,,,,,,,,,,,,,,,,,,,,,,,,,,,,,,,,,,
230829-A,20230831_080340_133,20230831_080340_133/Well01@230831DCa_3081a_5dpf_PC-465-DR_512_Nh_merge.nd2,20230831_080340_133/Well02@230831DCa_3081b_5dpf_PC-465-DR_512_Nh_merge.nd2,20230831_080340_133/Well03@230831DCa_3081c_5dpf_PC-465-DR_512_Nh_merge.nd2,20230831_080340_133/Well04@230831DCa_3081d_5dpf_PC-465-DR_512_Nh_merge.nd2,20230831_080340_133/Well05@230831DCa_3081e_5dpf_PC-465-DR_512_Nh_merge.nd2,20230831_080340_133/Well06@230831DCa_3081f_5dpf_PC-465-DR_512_Nh_merge.nd2,20230831_080340_133/Well07@230831DCa_3081g_5dpf_PC-465-DR_512_Nh_merge.nd2,20230831_080340_133/Well08@230831DCa_3081h_5dpf_PC-465-DR_512_Nh_merge.nd2,20230831_080340_133/Well09@230831DCa_3081i_5dpf_PC-465-DR_512_Nh_merge.nd2,20230831_080340_133/Well10@230831DCa_3081j_5dpf_PC-465-DR_512_Nh_merge.nd2,20230831_080340_133/Well11@230831DCa_3081k_5dpf_PC-465-DR_512_Nh_merge.nd2,20230831_080340_133/Well12@230831DCa_3081l_5dpf_PC-465-DR_512_Nh_merge.nd2,20230831_080340_133/Well13@230831DCa_3082a_5dpf_PC-465-DR_512_Nh_merge.nd2,20230831_080340_133/Well14@230831DCa_3082b_5dpf_PC-465-DR_512_Nh_merge.nd2,20230831_080340_133/Well15@230831DCa_3082c_5dpf_PC-465-DR_512_Nh_merge.nd2,20230831_080340_133/Well16@230831DCa_3082d_5dpf_PC-465-DR_512_Nh_merge.nd2,20230831_080340_133/Well17@230831DCa_3082e_5dpf_PC-465-DR_512_Nh_merge.nd2,20230831_080340_133/Well18@230831DCa_3082f_5dpf_PC-465-DR_512_Nh_merge.nd2,20230831_080340_133/Well19@230831DCa_3082g_5dpf_PC-465-DR_512_Nh_merge.nd2,20230831_080340_133/Well20@230831DCa_3082h_5dpf_PC-465-DR_512_Nh_merge.nd2,20230831_080340_133/Well21@230831DCa_3082i_5dpf_PC-465-DR_512_Nh_merge.nd2,20230831_080340_133/Well22@230831DCa_3082j_5dpf_PC-465-DR_512_Nh_merge.nd2,20230831_080340_133/Well23@230831DCa_3082k_5dpf_PC-465-DR_512_Nh_merge.nd2,20230831_080340_133/Well24@230831DCa_3082l_5dpf_PC-465-DR_512_Nh_merge.nd2,20230831_080340_133/Well25@230831DCa_3083a_5dpf_PC-465-DR_512_Nh_merge.nd2,20230831_080340_133/Well26@230831DCa_3083b_5dpf_PC-465-DR_512_Nh_merge.nd2,20230831_080340_133/Well27@230831DCa_3083c_5dpf_PC-465-DR_512_Nh_merge.nd2,20230831_080340_133/Well28@230831DCa_3083d_5dpf_PC-465-DR_512_Nh_merge.nd2,20230831_080340_133/Well29@230831DCa_3083e_5dpf_PC-465-DR_512_Nh_merge.nd2,20230831_080340_133/Well30@230831DCa_3083f_5dpf_PC-465-DR_512_Nh_merge.nd2,20230831_080340_133/Well31@230831DCa_3083g_5dpf_PC-465-DR_512_Nh_merge.nd2,20230831_080340_133/Well32@230831DCa_3083h_5dpf_PC-465-DR_512_Nh_merge.nd2,20230831_080340_133/Well33@230831DCa_3083i_5dpf_PC-465-DR_512_Nh_merge.nd2,20230831_080340_133/Well34@230831DCa_3083j_5dpf_PC-465-DR_512_Nh_merge.nd2,20230831_080340_133/Well35@230831DCa_3083k_5dpf_PC-465-DR_512_Nh_merge.nd2,20230831_080340_133/Well36@230831DCa_3083l_5dpf_PC-465-DR_512_Nh_merge.nd2,20230831_080340_133/Well37@230831DCa_3084a_5dpf_PC-465-DR_512_Nh_merge.nd2,20230831_080340_133/Well38@230831DCa_3084b_5dpf_PC-465-DR_512_Nh_merge.nd2,20230831_080340_133/Well39@230831DCa_3084c_5dpf_PC-465-DR_512_Nh_merge.nd2,20230831_080340_133/Well40@230831DCa_3084d_5dpf_PC-465-DR_512_Nh_merge.nd2,20230831_080340_133/Well41@230831DCa_3084e_5dpf_PC-465-DR_512_Nh_merge.nd2,20230831_080340_133/Well42@230831DCa_3084f_5dpf_PC-465-DR_512_Nh_merge.nd2,20230831_080340_133/Well43@230831DCa_3084g_5dpf_PC-465-DR_512_Nh_merge.nd2,20230831_080340_133/Well44@230831DCa_3084h_5dpf_PC-465-DR_512_Nh_merge.nd2,20230831_080340_133/Well45@230831DCa_3084i_5dpf_PC-465-DR_512_Nh_merge.nd2,20230831_080340_133/Well46@230831DCa_3084j_5dpf_PC-465-DR_512_Nh_merge.nd2,20230831_080340_133/Well47@230831DCa_3084k_5dpf_PC-465-DR_512_Nh_merge.nd2,20230831_080340_133/Well48@230831DCa_3084l_5dpf_PC-465-DR_512_Nh_merge.nd2,20230831_080340_133/Well49@230831DCa_3085a_5dpf_PC-465-DR_512_Nh_merge.nd2,20230831_080340_133/Well50@230831DCa_3085b_5dpf_PC-465-DR_512_Nh_merge.nd2,20230831_080340_133/Well51@230831DCa_3085c_5dpf_PC-465-DR_512_Nh_merge.nd2,20230831_080340_133/Well52@230831DCa_3085d_5dpf_PC-465-DR_512_Nh_merge.nd2,20230831_080340_133/Well53@230831DCa_3085e_5dpf_PC-465-DR_512_Nh_merge.nd2,20230831_080340_133/Well54@230831DCa_3085f_5dpf_PC-465-DR_512_Nh_merge.nd2,20230831_080340_133/Well55@230831DCa_3085g_5dpf_PC-465-DR_512_Nh_merge.nd2,20230831_080340_133/Well56@230831DCa_3085h_5dpf_PC-465-DR_512_Nh_merge.nd2,20230831_080340_133/Well57@230831DCa_3085i_5dpf_PC-465-DR_512_Nh_merge.nd2,20230831_080340_133/Well58@230831DCa_3085j_5dpf_PC-465-DR_512_Nh_merge.nd2,20230831_080340_133/Well59@230831DCa_3085k_5dpf_PC-465-DR_512_Nh_merge.nd2,20230831_080340_133/Well60@230831DCa_3085l_5dpf_PC-465-DR_512_Nh_merge.nd2,20230831_080340_133/Well61@230831DCa_3086a_5dpf_PC-465-DR_512_Nh_merge.nd2,20230831_080340_133/Well62@230831DCa_3086b_5dpf_PC-465-DR_512_Nh_merge.nd2,20230831_080340_133/Well63@230831DCa_3086c_5dpf_PC-465-DR_512_Nh_merge.nd2,20230831_080340_133/Well64@230831DCa_3086d_5dpf_PC-465-DR_512_Nh_merge.nd2,20230831_080340_133/Well65@230831DCa_3086e_5dpf_PC-465-DR_512_Nh_merge.nd2,20230831_080340_133/Well66@230831DCa_3086f_5dpf_PC-465-DR_512_Nh_merge.nd2,20230831_080340_133/Well67@230831DCa_3086g_5dpf_PC-465-DR_512_Nh_merge.nd2,20230831_080340_133/Well68@230831DCa_3086h_5dpf_PC-465-DR_512_Nh_merge.nd2,20230831_080340_133/Well69@230831DCa_3086i_5dpf_PC-465-DR_512_Nh_merge.nd2,20230831_080340_133/Well70@230831DCa_3086j_5dpf_PC-465-DR_512_Nh_merge.nd2,,,,,,,,,,,,,,,,,,,,,,,,,,
230908-A,20230911_101243_144,20230911_101243_144/Well01@230911DCa_3087a_5dpf_FEATS-214-DR_1024_Nh_merge.nd2,20230911_101243_144/Well02@230911DCa_3087b_5dpf_FEATS-214-DR_1024_Nh_merge.nd2,20230911_101243_144/Well03@230911DCa_3087c_5dpf_FEATS-214-DR_1024_Nh_merge.nd2,20230911_101243_144/Well04@230911DCa_3087d_5dpf_FEATS-214-DR_1024_Nh_merge.nd2,20230911_101243_144/Well05@230911DCa_3087e_5dpf_FEATS-214-DR_1024_Nh_merge.nd2,20230911_101243_144/Well06@230911DCa_3087f_5dpf_FEATS-214-DR_1024_Nh_merge.nd2,20230911_101243_144/Well07@230911DCa_3087g_5dpf_FEATS-214-DR_1024_Nh_merge.nd2,20230911_101243_144/Well08@230911DCa_3087h_5dpf_FEATS-214-DR_1024_Nh_merge.nd2,20230911_101243_144/Well09@230911DCa_3087i_5dpf_FEATS-214-DR_1024_Nh_merge.nd2,20230911_101243_144/Well10@230911DCa_3087j_5dpf_FEATS-214-DR_1024_Nh_merge.nd2,20230911_101243_144/Well11@230911DCa_3087k_5dpf_FEATS-214-DR_1024_Nh_merge.nd2,20230911_101243_144/Well12@230911DCa_3087l_5dpf_FEATS-214-DR_1024_Nh_merge.nd2,20230911_101243_144/Well13@230911DCa_3088a_5dpf_FEATS-214-DR_1024_Nh_merge.nd2,20230911_101243_144/Well14@230911DCa_3088b_5dpf_FEATS-214-DR_1024_Nh_merge.nd2,20230911_101243_144/Well15@230911DCa_3088c_5dpf_FEATS-214-DR_1024_Nh_merge.nd2,20230911_101243_144/Well16@230911DCa_3088d_5dpf_FEATS-214-DR_1024_Nh_merge.nd2,20230911_101243_144/Well17@230911DCa_3088e_5dpf_FEATS-214-DR_1024_Nh_merge.nd2,20230911_101243_144/Well18@230911DCa_3088f_5dpf_FEATS-214-DR_1024_Nh_merge.nd2,20230911_101243_144/Well19@230911DCa_3088g_5dpf_FEATS-214-DR_1024_Nh_merge.nd2,20230911_101243_144/Well20@230911DCa_3088h_5dpf_FEATS-214-DR_1024_Nh_merge.nd2,20230911_101243_144/Well21@230911DCa_3088i_5dpf_FEATS-214-DR_1024_Nh_merge.nd2,20230911_101243_144/Well22@230911DCa_3088j_5dpf_FEATS-214-DR_1024_Nh_merge.nd2,20230911_101243_144/Well23@230911DCa_3088k_5dpf_FEATS-214-DR_1024_Nh_merge.nd2,20230911_101243_144/Well24@230911DCa_3088l_5dpf_FEATS-214-DR_1024_Nh_merge.nd2,20230911_101243_144/Well25@230911DCa_3089a_5dpf_FEATS-214-DR_1024_Nh_merge.nd2,20230911_101243_144/Well26@230911DCa_3089b_5dpf_FEATS-214-DR_1024_Nh_merge.nd2,20230911_101243_144/Well27@230911DCa_3089c_5dpf_FEATS-214-DR_1024_Nh_merge.nd2,20230911_101243_144/Well28@230911DCa_3089d_5dpf_FEATS-214-DR_1024_Nh_merge.nd2,20230911_101243_144/Well29@230911DCa_3089e_5dpf_FEATS-214-DR_1024_Nh_merge.nd2,20230911_101243_144/Well30@230911DCa_3089f_5dpf_FEATS-214-DR_1024_Nh_merge.nd2,20230911_101243_144/Well31@230911DCa_3089g_5dpf_FEATS-214-DR_1024_Nh_merge.nd2,20230911_101243_144/Well32@230911DCa_3089h_5dpf_FEATS-214-DR_1024_Nh_merge.nd2,20230911_101243_144/Well33@230911DCa_3089i_5dpf_FEATS-214-DR_1024_Nh_merge.nd2,20230911_101243_144/Well34@230911DCa_3089j_5dpf_FEATS-214-DR_1024_Nh_merge.nd2,20230911_101243_144/Well35@230911DCa_3089k_5dpf_FEATS-214-DR_1024_Nh_merge.nd2,20230911_101243_144/Well36@230911DCa_3089l_5dpf_FEATS-214-DR_1024_Nh_merge.nd2,20230911_101243_144/Well37@230911DCa_3090a_5dpf_FEATS-214-DR_1024_Nh_merge.nd2,20230911_101243_144/Well38@230911DCa_3090b_5dpf_FEATS-214-DR_1024_Nh_merge.nd2,20230911_101243_144/Well39@230911DCa_3090c_5dpf_FEATS-214-DR_1024_Nh_merge.nd2,20230911_101243_144/Well40@230911DCa_3090d_5dpf_FEATS-214-DR_1024_Nh_merge.nd2,20230911_101243_144/Well41@230911DCa_3090e_5dpf_FEATS-214-DR_1024_Nh_merge.nd2,20230911_101243_144/Well42@230911DCa_3090f_5dpf_FEATS-214-DR_1024_Nh_merge.nd2,20230911_101243_144/Well43@230911DCa_3090g_5dpf_FEATS-214-DR_1024_Nh_merge.nd2,20230911_101243_144/Well44@230911DCa_3090h_5dpf_FEATS-214-DR_1024_Nh_merge.nd2,20230911_101243_144/Well45@230911DCa_3090i_5dpf_FEATS-214-DR_1024_Nh_merge.nd2,20230911_101243_144/Well46@230911DCa_3090j_5dpf_FEATS-214-DR_1024_Nh_merge.nd2,20230911_101243_144/Well47@230911DCa_3090k_5dpf_FEATS-214-DR_1024_Nh_merge.nd2,20230911_101243_144/Well48@230911DCa_3090l_5dpf_FEATS-214-DR_1024_Nh_merge.nd2,20230911_101243_144/Well49@230911DCa_3091a_5dpf_FEATS-214-DR_1024_Nh_merge.nd2,20230911_101243_144/Well50@230911DCa_3091b_5dpf_FEATS-214-DR_1024_Nh_merge.nd2,20230911_101243_144/Well51@230911DCa_3091c_5dpf_FEATS-214-DR_1024_Nh_merge.nd2,20230911_101243_144/Well52@230911DCa_3091d_5dpf_FEATS-214-DR_1024_Nh_merge.nd2,20230911_101243_144/Well53@230911DCa_3091e_5dpf_FEATS-214-DR_1024_Nh_merge.nd2,20230911_101243_144/Well54@230911DCa_3091f_5dpf_FEATS-214-DR_1024_Nh_merge.nd2,20230911_101243_144/Well55@230911DCa_3091g_5dpf_FEATS-214-DR_1024_Nh_merge.nd2,20230911_101243_144/Well56@230911DCa_3091h_5dpf_FEATS-214-DR_1024_Nh_merge.nd2,20230911_101243_144/Well57@230911DCa_3091i_5dpf_FEATS-214-DR_1024_Nh_merge.nd2,20230911_101243_144/Well58@230911DCa_3091j_5dpf_FEATS-214-DR_1024_Nh_merge.nd2,20230911_101243_144/Well59@230911DCa_3091k_5dpf_FEATS-214-DR_1024_Nh_merge.nd2,,20230911_101243_144/Well61@230911DCa_3092a_5dpf_FEATS-214-DR_1024_Nh_merge.nd2,20230911_101243_144/Well62@230911DCa_3092b_5dpf_FEATS-214-DR_1024_Nh_merge.nd2,20230911_101243_144/Well63@230911DCa_3092c_5dpf_FEATS-214-DR_1024_Nh_merge.nd2,20230911_101243_144/Well64@230911DCa_3092d_5dpf_FEATS-214-DR_1024_Nh_merge.nd2,20230911_101243_144/Well65@230911DCa_3092e_5dpf_FEATS-214-DR_1024_Nh_merge.nd2,20230911_101243_144/Well66@230911DCa_3092f_5dpf_FEATS-214-DR_1024_Nh_merge.nd2,20230911_101243_144/Well67@230911DCa_3092g_5dpf_FEATS-214-DR_1024_Nh_merge.nd2,20230911_101243_144/Well68@230911DCa_3092h_5dpf_FEATS-214-DR_1024_Nh_merge.nd2,20230911_101243_144/Well69@230911DCa_3092i_5dpf_FEATS-214-DR_1024_Nh_merge.nd2,20230911_101243_144/Well70@230911DCa_3092j_5dpf_FEATS-214-DR_1024_Nh_merge.nd2,,,,,,,,,,,,,,,,,,,,,,,,,,
231004-A,20231004_082605_257,20231004_082605_257/Point0000@231004DCa_3097a_5dpf_M23-439-IT_256_Nh_merge.nd2,20231004_082605_257/Point0001@231004DCa_3097b_5dpf_M23-439-IT_256_Nh_merge.nd2,20231004_082605_257/Point0002@231004DCa_3097c_5dpf_M23-439-IT_256_Nh_merge.nd2,20231004_082605_257/Point0003@231004DCa_3097d_5dpf_M23-439-IT_256_Nh_merge.nd2,20231004_082605_257/Point0004@231004DCa_3097e_5dpf_M23-439-IT_256_Nh_merge.nd2,20231004_082605_257/Point0005@231004DCa_3097f_5dpf_M23-439-IT_256_Nh_merge.nd2,20231004_082605_257/Point0006@231004DCa_3097g_5dpf_M23-439-IT_256_Nh_merge.nd2,20231004_082605_257/Point0007@231004DCa_3097h_5dpf_M23-439-IT_256_Nh_merge.nd2,20231004_082605_257/Point0008@231004DCa_3097i_5dpf_M23-439-IT_256_Nh_merge.nd2,20231004_082605_257/Point0009@231004DCa_3097j_5dpf_M23-439-IT_256_Nh_merge.nd2,20231004_082605_257/Point0010@231004DCa_3097k_5dpf_M23-439-IT_256_Nh_merge.nd2,20231004_082605_257/Point0011@231004DCa_3097l_5dpf_M23-439-IT_256_Nh_merge.nd2,,,,,,,,,,,,,,,,,,,,,,,,,,,,,,,,,,,,,,,,,,,,,,,,,,,,,,,,,,,,,,,,,,,,,,,,,,,,,,,,,,,,
231004-A,20231004_093647_067,20231004_093647_067/Point0000@231004DCb_3097a_5dpf_M23-439-IT_1024_Nh_merge.nd2,20231004_093647_067/Point0001@231004DCb_3097b_5dpf_M23-439-IT_1024_Nh_merge.nd2,20231004_093647_067/Point0002@231004DCb_3097c_5dpf_M23-439-IT_1024_Nh_merge.nd2,20231004_093647_067/Point0003@231004DCb_3097d_5dpf_M23-439-IT_1024_Nh_merge.nd2,20231004_093647_067/Point0004@231004DCb_3097e_5dpf_M23-439-IT_1024_Nh_merge.nd2,20231004_093647_067/Point0005@231004DCb_3097f_5dpf_M23-439-IT_1024_Nh_merge.nd2,20231004_093647_067/Point0006@231004DCb_3097g_5dpf_M23-439-IT_1024_Nh_merge.nd2,20231004_093647_067/Point0007@231004DCb_3097h_5dpf_M23-439-IT_1024_Nh_merge.nd2,20231004_093647_067/Point0008@231004DCb_3097i_5dpf_M23-439-IT_1024_Nh_merge.nd2,20231004_093647_067/Point0009@231004DCb_3097j_5dpf_M23-439-IT_1024_Nh_merge.nd2,20231004_093647_067/Point0010@231004DCb_3097k_5dpf_M23-439-IT_1024_Nh_merge.nd2,20231004_093647_067/Point0011@231004DCb_3097l_5dpf_M23-439-IT_1024_Nh_merge.nd2,,,,,,,,,,,,,,,,,,,,,,,,,,,,,,,,,,,,,,,,,,,,,,,,,,,,,,,,,,,,,,,,,,,,,,,,,,,,,,,,,,,,
231010-A,20231011_085901_534,20231011_085901_534/Point0000@231011DCa_3099a_5dpf_M23-439-IT_256_Nh_merge.nd2,20231011_085901_534/Point0001@231011DCa_3099b_5dpf_M23-439-IT_256_Nh_merge.nd2,20231011_085901_534/Point0002@231011DCa_3099c_5dpf_M23-439-IT_256_Nh_merge.nd2,20231011_085901_534/Point0003@231011DCa_3099d_5dpf_M23-439-IT_256_Nh_merge.nd2,20231011_085901_534/Point0004@231011DCa_3099e_5dpf_M23-439-IT_256_Nh_merge.nd2,20231011_085901_534/Point0005@231011DCa_3099f_5dpf_M23-439-IT_256_Nh_merge.nd2,20231011_085901_534/Point0006@231011DCa_3099g_5dpf_M23-439-IT_256_Nh_merge.nd2,20231011_085901_534/Point0007@231011DCa_3099h_5dpf_M23-439-IT_256_Nh_merge.nd2,20231011_085901_534/Point0008@231011DCa_3099i_5dpf_M23-439-IT_256_Nh_merge.nd2,20231011_085901_534/Point0009@231011DCa_3099j_5dpf_M23-439-IT_256_Nh_merge.nd2,20231011_085901_534/Point0010@231011DCa_3099k_5dpf_M23-439-IT_256_Nh_merge.nd2,20231011_085901_534/Point0011@231011DCa_3099l_5dpf_M23-439-IT_256_Nh_merge.nd2,,,,,,,,,,,,,,,,,,,,,,,,,,,,,,,,,,,,,,,,,,,,,,,,,,,,,,,,,,,,,,,,,,,,,,,,,,,,,,,,,,,,
231013-A,20231016_090852_349,20231016_090852_349/Well01@231016DCa_3098a_5dpf_AR-207-DR_1024_Nh_stack.nd2,20231016_090852_349/Well02@231016DCa_3098b_5dpf_AR-207-DR_1024_Nh_stack.nd2,20231016_090852_349/Well03@231016DCa_3098c_5dpf_AR-207-DR_1024_Nh_stack.nd2,20231016_090852_349/Well04@231016DCa_3098d_5dpf_AR-207-DR_1024_Nh_stack.nd2,20231016_090852_349/Well05@231016DCa_3098e_5dpf_AR-207-DR_1024_Nh_stack.nd2,20231016_090852_349/Well06@231016DCa_3098f_5dpf_AR-207-DR_1024_Nh_stack.nd2,20231016_090852_349/Well07@231016DCa_3098g_5dpf_AR-207-DR_1024_Nh_stack.nd2,20231016_090852_349/Well08@231016DCa_3098h_5dpf_AR-207-DR_1024_Nh_stack.nd2,,,,,20231016_090852_349/Well13@231016DCa_3100a_adult_MD-464-DR_1024_Nh_stack.nd2,20231016_090852_349/Well14@231016DCa_3100b_adult_MD-464-DR_1024_Nh_stack.nd2,20231016_090852_349/Well15@231016DCa_3100c_adult_MD-464-DR_1024_Nh_stack.nd2,20231016_090852_349/Well16@231016DCa_3100d_adult_MD-464-DR_1024_Nh_stack.nd2,20231016_090852_349/Well17@231016DCa_3100e_adult_MD-464-DR_1024_Nh_stack.nd2,20231016_090852_349/Well18@231016DCa_3100f_adult_MD-464-DR_1024_Nh_stack.nd2,20231016_090852_349/Well19@231016DCa_3100g_adult_MD-464-DR_1024_Nh_stack.nd2,20231016_090852_349/Well20@231016DCa_3100h_adult_MD-464-DR_1024_Nh_stack.nd2,20231016_090852_349/Well21@231016DCa_3100i_adult_MD-464-DR_1024_Nh_stack.nd2,20231016_090852_349/Well22@231016DCa_3100j_adult_MD-464-DR_1024_Nh_stack.nd2,20231016_090852_349/Well23@231016DCa_3100k_adult_MD-464-DR_1024_Nh_stack.nd2,20231016_090852_349/Well24@231016DCa_3100l_adult_MD-464-DR_1024_Nh_stack.nd2,20231016_090852_349/Well25@231016DCa_3100m_adult_MD-464-DR_1024_Nh_stack.nd2,20231016_090852_349/Well26@231016DCa_3100n_adult_MD-464-DR_1024_Nh_stack.nd2,,,,,,,,,,,20231016_090852_349/Well37@231016DCa_3101a_adult_MD-464-DR_1024_Nh_stack.nd2,20231016_090852_349/Well38@231016DCa_3101b_adult_MD-464-DR_1024_Nh_stack.nd2,20231016_090852_349/Well39@231016DCa_3101c_adult_MD-464-DR_1024_Nh_stack.nd2,20231016_090852_349/Well40@231016DCa_3101d_adult_MD-464-DR_1024_Nh_stack.nd2,20231016_090852_349/Well41@231016DCa_3101e_adult_MD-464-DR_1024_Nh_stack.nd2,20231016_090852_349/Well42@231016DCa_3101f_adult_MD-464-DR_1024_Nh_stack.nd2,20231016_090852_349/Well43@231016DCa_3101g_adult_MD-464-DR_1024_Nh_stack.nd2,20231016_090852_349/Well44@231016DCa_3101h_adult_MD-464-DR_1024_Nh_stack.nd2,20231016_090852_349/Well45@231016DCa_3101i_adult_MD-464-DR_1024_Nh_stack.nd2,20231016_090852_349/Well46@231016DCa_3101j_adult_MD-464-DR_1024_Nh_stack.nd2,20231016_090852_349/Well47@231016DCa_3101k_adult_MD-464-DR_1024_Nh_stack.nd2,20231016_090852_349/Well48@231016DCa_3101l_adult_MD-464-DR_1024_Nh_stack.nd2,20231016_090852_349/Well49@231016DCa_3102a_adult_MD-464-DR_1024_Nh_stack.nd2,20231016_090852_349/Well50@231016DCa_3102b_adult_MD-464-DR_1024_Nh_stack.nd2,20231016_090852_349/Well51@231016DCa_3102c_adult_MD-464-DR_1024_Nh_stack.nd2,20231016_090852_349/Well52@231016DCa_3102d_adult_MD-464-DR_1024_Nh_stack.nd2,20231016_090852_349/Well53@231016DCa_3102e_adult_MD-464-DR_1024_Nh_stack.nd2,20231016_090852_349/Well54@231016DCa_3102f_adult_MD-464-DR_1024_Nh_stack.nd2,20231016_090852_349/Well55@231016DCa_3102g_adult_MD-464-DR_1024_Nh_stack.nd2,20231016_090852_349/Well56@231016DCa_3102h_adult_MD-464-DR_1024_Nh_stack.nd2,20231016_090852_349/Well57@231016DCa_3102i_adult_MD-464-DR_1024_Nh_stack.nd2,20231016_090852_349/Well58@231016DCa_3102j_adult_MD-464-DR_1024_Nh_stack.nd2,20231016_090852_349/Well59@231016DCa_3102k_adult_MD-464-DR_1024_Nh_stack.nd2,20231016_090852_349/Well60@231016DCa_3102l_adult_MD-464-DR_1024_Nh_stack.nd2,,,,,,,,,,,,,,,,,,,,,,,,,,,,,,,,,,,,
231110-A,20231110_132943_165,20231110_132943_165/Point0000@231110DCa_3103m_5dpf_M23-439-IT_256_Nh_merge.nd2,20231110_132943_165/Point0001@231110DCa_3103n_5dpf_M23-439-IT_256_Nh_merge.nd2,20231110_132943_165/Point0002@231110DCa_3103o_5dpf_M23-439-IT_256_Nh_merge.nd2,20231110_132943_165/Point0003@231110DCa_3103p_5dpf_M23-439-IT_256_Nh_merge.nd2,20231110_132943_165/Point0004@231110DCa_3103q_5dpf_M23-439-IT_256_Nh_merge.nd2,20231110_132943_165/Point0005@231110DCa_3103r_5dpf_M23-439-IT_256_Nh_merge.nd2,20231110_132943_165/Point0006@231110DCa_3103s_5dpf_M23-439-IT_256_Nh_merge.nd2,20231110_132943_165/Point0007@231110DCa_3103t_5dpf_M23-439-IT_256_Nh_merge.nd2,20231110_132943_165/Point0008@231110DCa_3103u_5dpf_M23-439-IT_256_Nh_merge.nd2,20231110_132943_165/Point0009@231110DCa_3103v_5dpf_M23-439-IT_256_Nh_merge.nd2,20231110_132943_165/Point0010@231110DCa_3103w_5dpf_M23-439-IT_256_Nh_merge.nd2,20231110_132943_165/Point0011@231110DCa_3103x_5dpf_M23-439-IT_256_Nh_merge.nd2,,,,,,,,,,,,,,,,,,,,,,,,,,,,,,,,,,,,,,,,,,,,,,,,,,,,,,,,,,,,,,,,,,,,,,,,,,,,,,,,,,,,
240119-A,20240122_111225_689,20240122_111225_689/Well01@240122DCa_3116a_div_F62-171-DR_512_Nh_merge.nd2,20240122_111225_689/Well02@240122DCa_3116b_div_F62-171-DR_512_Nh_merge.nd2,20240122_111225_689/Well03@240122DCa_3116c_div_F62-171-DR_512_Nh_merge.nd2,20240122_111225_689/Well04@240122DCa_3116d_div_F62-171-DR_512_Nh_merge.nd2,20240122_111225_689/Well05@240122DCa_3116e_div_F62-171-DR_512_Nh_merge.nd2,20240122_111225_689/Well06@240122DCa_3116f_div_F62-171-DR_512_Nh_merge.nd2,20240122_111225_689/Well07@240122DCa_3116g_div_F62-171-DR_512_Nh_merge.nd2,20240122_111225_689/Well08@240122DCa_3116h_div_F62-171-DR_512_Nh_merge.nd2,20240122_111225_689/Well09@240122DCa_3116i_div_F62-171-DR_512_Nh_merge.nd2,20240122_111225_689/Well10@240122DCa_3116j_div_F62-171-DR_512_Nh_merge.nd2,20240122_111225_689/Well11@240122DCa_3116k_div_F62-171-DR_512_Nh_merge.nd2,20240122_111225_689/Well12@240122DCa_3116l_div_F62-171-DR_512_Nh_merge.nd2,20240122_111225_689/Well13@240122DCa_3117a_div_F62-171-DR_512_Nh_merge.nd2,20240122_111225_689/Well14@240122DCa_3117b_div_F62-171-DR_512_Nh_merge.nd2,20240122_111225_689/Well15@240122DCa_3117c_div_F62-171-DR_512_Nh_merge.nd2,20240122_111225_689/Well16@240122DCa_3117d_div_F62-171-DR_512_Nh_merge.nd2,20240122_111225_689/Well17@240122DCa_3117e_div_F62-171-DR_512_Nh_merge.nd2,20240122_111225_689/Well18@240122DCa_3117f_div_F62-171-DR_512_Nh_merge.nd2,20240122_111225_689/Well19@240122DCa_3117g_div_F62-171-DR_512_Nh_merge.nd2,20240122_111225_689/Well20@240122DCa_3117h_div_F62-171-DR_512_Nh_merge.nd2,20240122_111225_689/Well21@240122DCa_3117i_div_F62-171-DR_512_Nh_merge.nd2,20240122_111225_689/Well22@240122DCa_3117j_div_F62-171-DR_512_Nh_merge.nd2,20240122_111225_689/Well23@240122DCa_3117k_div_F62-171-DR_512_Nh_merge.nd2,20240122_111225_689/Well24@240122DCa_3117l_div_F62-171-DR_512_Nh_merge.nd2,20240122_111225_689/Well25@240122DCa_3118a_div_F62-171-DR_512_Nh_merge.nd2,20240122_111225_689/Well26@240122DCa_3118b_div_F62-171-DR_512_Nh_merge.nd2,20240122_111225_689/Well27@240122DCa_3118c_div_F62-171-DR_512_Nh_merge.nd2,20240122_111225_689/Well28@240122DCa_3118d_div_F62-171-DR_512_Nh_merge.nd2,20240122_111225_689/Well29@240122DCa_3118e_div_F62-171-DR_512_Nh_merge.nd2,20240122_111225_689/Well30@240122DCa_3118f_div_F62-171-DR_512_Nh_merge.nd2,20240122_111225_689/Well31@240122DCa_3118g_div_F62-171-DR_512_Nh_merge.nd2,20240122_111225_689/Well32@240122DCa_3118h_div_F62-171-DR_512_Nh_merge.nd2,20240122_111225_689/Well33@240122DCa_3118i_div_F62-171-DR_512_Nh_merge.nd2,20240122_111225_689/Well34@240122DCa_3118j_div_F62-171-DR_512_Nh_merge.nd2,20240122_111225_689/Well35@240122DCa_3118k_div_F62-171-DR_512_Nh_merge.nd2,20240122_111225_689/Well36@240122DCa_3118l_div_F62-171-DR_512_Nh_merge.nd2,20240122_111225_689/Well37@240122DCa_3119a_div_F62-171-DR_512_Nh_merge.nd2,20240122_111225_689/Well38@240122DCa_3119b_div_F62-171-DR_512_Nh_merge.nd2,20240122_111225_689/Well39@240122DCa_3119c_div_F62-171-DR_512_Nh_merge.nd2,20240122_111225_689/Well40@240122DCa_3119d_div_F62-171-DR_512_Nh_merge.nd2,20240122_111225_689/Well41@240122DCa_3119e_div_F62-171-DR_512_Nh_merge.nd2,20240122_111225_689/Well42@240122DCa_3119f_div_F62-171-DR_512_Nh_merge.nd2,20240122_111225_689/Well43@240122DCa_3119g_div_F62-171-DR_512_Nh_merge.nd2,20240122_111225_689/Well44@240122DCa_3119h_div_F62-171-DR_512_Nh_merge.nd2,20240122_111225_689/Well45@240122DCa_3119i_div_F62-171-DR_512_Nh_merge.nd2,20240122_111225_689/Well46@240122DCa_3119j_div_F62-171-DR_512_Nh_merge.nd2,20240122_111225_689/Well47@240122DCa_3119k_div_F62-171-DR_512_Nh_merge.nd2,20240122_111225_689/Well48@240122DCa_3119l_div_F62-171-DR_512_Nh_merge.nd2,20240122_111225_689/Well49@240122DCa_3120a_div_F62-171-DR_512_Nh_merge.nd2,20240122_111225_689/Well50@240122DCa_3120b_div_F62-171-DR_512_Nh_merge.nd2,20240122_111225_689/Well51@240122DCa_3120c_div_F62-171-DR_512_Nh_merge.nd2,20240122_111225_689/Well52@240122DCa_3120d_div_F62-171-DR_512_Nh_merge.nd2,20240122_111225_689/Well53@240122DCa_3120e_div_F62-171-DR_512_Nh_merge.nd2,20240122_111225_689/Well54@240122DCa_3120f_div_F62-171-DR_512_Nh_merge.nd2,20240122_111225_689/Well55@240122DCa_3120g_div_F62-171-DR_512_Nh_merge.nd2,20240122_111225_689/Well56@240122DCa_3120h_div_F62-171-DR_512_Nh_merge.nd2,20240122_111225_689/Well57@240122DCa_3120i_div_F62-171-DR_512_Nh_merge.nd2,20240122_111225_689/Well58@240122DCa_3120j_div_F62-171-DR_512_Nh_merge.nd2,20240122_111225_689/Well59@240122DCa_3120k_div_F62-171-DR_512_Nh_merge.nd2,20240122_111225_689/Well60@240122DCa_3120l_div_F62-171-DR_512_Nh_merge.nd2,20240122_111225_689/Well61@240122DCa_3121a_div_F62-171-DR_512_Nh_merge.nd2,20240122_111225_689/Well62@240122DCa_3121b_div_F62-171-DR_512_Nh_merge.nd2,20240122_111225_689/Well63@240122DCa_3121c_div_F62-171-DR_512_Nh_merge.nd2,20240122_111225_689/Well64@240122DCa_3121d_div_F62-171-DR_512_Nh_merge.nd2,20240122_111225_689/Well65@240122DCa_3121e_div_F62-171-DR_512_Nh_merge.nd2,20240122_111225_689/Well66@240122DCa_3121f_div_F62-171-DR_512_Nh_merge.nd2,20240122_111225_689/Well67@240122DCa_3121g_div_F62-171-DR_512_Nh_merge.nd2,20240122_111225_689/Well68@240122DCa_3121h_div_F62-171-DR_512_Nh_merge.nd2,20240122_111225_689/Well69@240122DCa_3121i_div_F62-171-DR_512_Nh_merge.nd2,20240122_111225_689/Well70@240122DCa_3121j_div_F62-171-DR_512_Nh_merge.nd2,20240122_111225_689/Well71@240122DCa_3121k_div_F62-171-DR_512_Nh_merge.nd2,20240122_111225_689/Well72@240122DCa_3121l_div_F62-171-DR_512_Nh_merge.nd2,,,,,,,,,,,,,,,,,,,,,,,,
240123-A,20240124_122308_723,20240124_122308_723/Well01@240124DCa_3126a_5dpf_TCF-478-DR_1024_Nh_merge.nd2,20240124_122308_723/Well02@240124DCa_3126b_5dpf_TCF-478-DR_1024_Nh_merge.nd2,20240124_122308_723/Well03@240124DCa_3126c_5dpf_TCF-478-DR_1024_Nh_merge.nd2,20240124_122308_723/Well04@240124DCa_3126d_5dpf_TCF-478-DR_1024_Nh_merge.nd2,20240124_122308_723/Well05@240124DCa_3127a_5dpf_TCF-478-DR_1024_Nh_merge.nd2,20240124_122308_723/Well06@240124DCa_3127b_5dpf_TCF-478-DR_1024_Nh_merge.nd2,20240124_122308_723/Well07@240124DCa_3127c_5dpf_TCF-478-DR_1024_Nh_merge.nd2,20240124_122308_723/Well08@240124DCa_3127d_5dpf_TCF-478-DR_1024_Nh_merge.nd2,,,,,,,,,,,,,,,,,,,,,,,,,,,,,,,,,,,,,,,,,,,,,,,,,,,,,,,,,,,,,,,,,,,,,,,,,,,,,,,,,,,,,,,,
240124-A,20240125_120426_445,20240125_120426_445/Well01@240125DCa_3116m_div_F62-171-DR_512_Nh_merge.nd2,20240125_120426_445/Well02@240125DCa_3116n_div_F62-171-DR_512_Nh_merge.nd2,20240125_120426_445/Well03@240125DCa_3116o_div_F62-171-DR_512_Nh_merge.nd2,20240125_120426_445/Well04@240125DCa_3116p_div_F62-171-DR_512_Nh_merge.nd2,20240125_120426_445/Well05@240125DCa_3116q_div_F62-171-DR_512_Nh_merge.nd2,20240125_120426_445/Well06@240125DCa_3116r_div_F62-171-DR_512_Nh_merge.nd2,20240125_120426_445/Well07@240125DCa_3116s_div_F62-171-DR_512_Nh_merge.nd2,20240125_120426_445/Well08@240125DCa_3116t_div_F62-171-DR_512_Nh_merge.nd2,20240125_120426_445/Well09@240125DCa_3116u_div_F62-171-DR_512_Nh_merge.nd2,20240125_120426_445/Well10@240125DCa_3116v_div_F62-171-DR_512_Nh_merge.nd2,20240125_120426_445/Well11@240125DCa_3116w_div_F62-171-DR_512_Nh_merge.nd2,20240125_120426_445/Well12@240125DCa_3116x_div_F62-171-DR_512_Nh_merge.nd2,20240125_120426_445/Well13@240125DCa_3117m_div_F62-171-DR_512_Nh_merge.nd2,20240125_120426_445/Well14@240125DCa_3117n_div_F62-171-DR_512_Nh_merge.nd2,20240125_120426_445/Well15@240125DCa_3117o_div_F62-171-DR_512_Nh_merge.nd2,20240125_120426_445/Well16@240125DCa_3117p_div_F62-171-DR_512_Nh_merge.nd2,20240125_120426_445/Well17@240125DCa_3117q_div_F62-171-DR_512_Nh_merge.nd2,20240125_120426_445/Well18@240125DCa_3117r_div_F62-171-DR_512_Nh_merge.nd2,20240125_120426_445/Well19@240125DCa_3117s_div_F62-171-DR_512_Nh_merge.nd2,20240125_120426_445/Well20@240125DCa_3117t_div_F62-171-DR_512_Nh_merge.nd2,20240125_120426_445/Well21@240125DCa_3117u_div_F62-171-DR_512_Nh_merge.nd2,20240125_120426_445/Well22@240125DCa_3117v_div_F62-171-DR_512_Nh_merge.nd2,20240125_120426_445/Well23@240125DCa_3117w_div_F62-171-DR_512_Nh_merge.nd2,20240125_120426_445/Well24@240125DCa_3117x_div_F62-171-DR_512_Nh_merge.nd2,20240125_120426_445/Well25@240125DCa_3118m_div_F62-171-DR_512_Nh_merge.nd2,20240125_120426_445/Well26@240125DCa_3118n_div_F62-171-DR_512_Nh_merge.nd2,20240125_120426_445/Well27@240125DCa_3118o_div_F62-171-DR_512_Nh_merge.nd2,20240125_120426_445/Well28@240125DCa_3118p_div_F62-171-DR_512_Nh_merge.nd2,20240125_120426_445/Well29@240125DCa_3118q_div_F62-171-DR_512_Nh_merge.nd2,20240125_120426_445/Well30@240125DCa_3118r_div_F62-171-DR_512_Nh_merge.nd2,20240125_120426_445/Well31@240125DCa_3118s_div_F62-171-DR_512_Nh_merge.nd2,20240125_120426_445/Well32@240125DCa_3118t_div_F62-171-DR_512_Nh_merge.nd2,20240125_120426_445/Well33@240125DCa_3118u_div_F62-171-DR_512_Nh_merge.nd2,20240125_120426_445/Well34@240125DCa_3118v_div_F62-171-DR_512_Nh_merge.nd2,20240125_120426_445/Well35@240125DCa_3118w_div_F62-171-DR_512_Nh_merge.nd2,20240125_120426_445/Well36@240125DCa_3118x_div_F62-171-DR_512_Nh_merge.nd2,20240125_120426_445/Well37@240125DCa_3119m_div_F62-171-DR_512_Nh_merge.nd2,20240125_120426_445/Well38@240125DCa_3119n_div_F62-171-DR_512_Nh_merge.nd2,20240125_120426_445/Well39@240125DCa_3119o_div_F62-171-DR_512_Nh_merge.nd2,20240125_120426_445/Well40@240125DCa_3119p_div_F62-171-DR_512_Nh_merge.nd2,20240125_120426_445/Well41@240125DCa_3119q_div_F62-171-DR_512_Nh_merge.nd2,20240125_120426_445/Well42@240125DCa_3119r_div_F62-171-DR_512_Nh_merge.nd2,20240125_120426_445/Well43@240125DCa_3119s_div_F62-171-DR_512_Nh_merge.nd2,20240125_120426_445/Well44@240125DCa_3119t_div_F62-171-DR_512_Nh_merge.nd2,20240125_120426_445/Well45@240125DCa_3119u_div_F62-171-DR_512_Nh_merge.nd2,20240125_120426_445/Well46@240125DCa_3119v_div_F62-171-DR_512_Nh_merge.nd2,20240125_120426_445/Well47@240125DCa_3119w_div_F62-171-DR_512_Nh_merge.nd2,20240125_120426_445/Well48@240125DCa_3119x_div_F62-171-DR_512_Nh_merge.nd2,20240125_120426_445/Well49@240125DCa_3120m_div_F62-171-DR_512_Nh_merge.nd2,20240125_120426_445/Well50@240125DCa_3120n_div_F62-171-DR_512_Nh_merge.nd2,20240125_120426_445/Well51@240125DCa_3120o_div_F62-171-DR_512_Nh_merge.nd2,20240125_120426_445/Well52@240125DCa_3120p_div_F62-171-DR_512_Nh_merge.nd2,20240125_120426_445/Well53@240125DCa_3120q_div_F62-171-DR_512_Nh_merge.nd2,20240125_120426_445/Well54@240125DCa_3120r_div_F62-171-DR_512_Nh_merge.nd2,20240125_120426_445/Well55@240125DCa_3120s_div_F62-171-DR_512_Nh_merge.nd2,20240125_120426_445/Well56@240125DCa_3120t_div_F62-171-DR_512_Nh_merge.nd2,20240125_120426_445/Well57@240125DCa_3120u_div_F62-171-DR_512_Nh_merge.nd2,20240125_120426_445/Well58@240125DCa_3120v_div_F62-171-DR_512_Nh_merge.nd2,20240125_120426_445/Well59@240125DCa_3120w_div_F62-171-DR_512_Nh_merge.nd2,20240125_120426_445/Well60@240125DCa_3120x_div_F62-171-DR_512_Nh_merge.nd2,20240125_120426_445/Well61@240125DCa_3121m_div_F62-171-DR_512_Nh_merge.nd2,20240125_120426_445/Well62@240125DCa_3121n_div_F62-171-DR_512_Nh_merge.nd2,20240125_120426_445/Well63@240125DCa_3121o_div_F62-171-DR_512_Nh_merge.nd2,20240125_120426_445/Well64@240125DCa_3121p_div_F62-171-DR_512_Nh_merge.nd2,20240125_120426_445/Well65@240125DCa_3121q_div_F62-171-DR_512_Nh_merge.nd2,20240125_120426_445/Well66@240125DCa_3121r_div_F62-171-DR_512_Nh_merge.nd2,20240125_120426_445/Well67@240125DCa_3121s_div_F62-171-DR_512_Nh_merge.nd2,20240125_120426_445/Well68@240125DCa_3121t_div_F62-171-DR_512_Nh_merge.nd2,20240125_120426_445/Well69@240125DCa_3121u_div_F62-171-DR_512_Nh_merge.nd2,20240125_120426_445/Well70@240125DCa_3121v_div_F62-171-DR_512_Nh_merge.nd2,,,,,,,,,,,,,,,,,,,,,,,,,,
240126-A,20240129_110540_910,20240129_110540_910/Point0000@240129DCa_3128a_5dpf_TCF-478-DR_1024_Nh_merge.nd2,20240129_110540_910/Point0001@240129DCa_3128b_5dpf_TCF-478-DR_1024_Nh_merge.nd2,20240129_110540_910/Point0002@240129DCa_3128c_5dpf_TCF-478-DR_1024_Nh_merge.nd2,20240129_110540_910/Point0003@240129DCa_3128d_5dpf_TCF-478-DR_1024_Nh_merge.nd2,,,,,,,,,,,,,,,,,,,,,,,,,,,,,,,,,,,,,,,,,,,,,,,,,,,,,,,,,,,,,,,,,,,,,,,,,,,,,,,,,,,,,,,,,,,,
240130-A,20240131_093822_985,20240131_093822_985/Point0000@240131DCa_3131a_5dpf_TCF-478-DR_1024_Nh_merge.nd2,20240131_093822_985/Point0001@240131DCa_3131b_5dpf_TCF-478-DR_1024_Nh_merge.nd2,20240131_093822_985/Point0002@240131DCa_3131c_5dpf_TCF-478-DR_1024_Nh_merge.nd2,20240131_093822_985/Point0003@240131DCa_3131d_5dpf_TCF-478-DR_1024_Nh_merge.nd2,20240131_093822_985/Point0004@240131DCa_3132a_5dpf_TCF-478-DR_1024_Nh_merge.nd2,20240131_093822_985/Point0005@240131DCa_3132b_5dpf_TCF-478-DR_1024_Nh_merge.nd2,20240131_093822_985/Point0006@240131DCa_3132c_5dpf_TCF-478-DR_1024_Nh_merge.nd2,20240131_093822_985/Point0007@240131DCa_3132d_5dpf_TCF-478-DR_1024_Nh_merge.nd2,,,,,,,,,,,,,,,,,,,,,,,,,,,,,,,,,,,,,,,,,,,,,,,,,,,,,,,,,,,,,,,,,,,,,,,,,,,,,,,,,,,,,,,,
